0.0002849102020263672,0.0,52.884,54.47
0.011356830596923828,0.001,52.909,54.459
0.02232193946838379,0.002,52.896,54.459
0.03455185890197754,0.003,52.909,54.448
0.04635000228881836,0.004,52.884,54.437
0.05891299247741699,0.005,52.896,54.426
0.07087182998657227,0.006,52.896,54.459
0.08264994621276855,0.007,0.152,0.411
0.09469985961914062,0.008,0.152,0.433
0.10683488845825195,0.009000000000000001,0.367,0.344
0.11862802505493164,0.01,0.266,0.367
0.13077282905578613,0.011,0.025,0.344
0.14292502403259277,0.012,0.051,0.322
0.1547389030456543,0.013000000000000001,-0.19,0.389
0.16693687438964844,0.014,-0.152,0.367
0.17841887474060059,0.015,-0.152,0.389
0.19005990028381348,0.016,-0.19,0.433
0.20108485221862793,0.017,-0.152,0.389
0.21199297904968262,0.018000000000000002,-0.228,0.411
0.22316598892211914,0.019,-0.177,0.4
0.23419690132141113,0.02,-0.152,0.411
0.24516797065734863,0.021,-0.228,0.456
0.2565939426422119,0.022,-0.202,0.411
0.2684359550476074,0.023,-0.139,0.433
0.28050684928894043,0.024,-0.215,0.444
0.29265880584716797,0.025,-0.202,0.433
0.3045628070831299,0.026000000000000002,-0.215,0.444
0.3165159225463867,0.027,-0.228,0.489
0.3289668560028076,0.028,-0.202,0.444
0.3406188488006592,0.029,-0.215,0.456
0.35281991958618164,0.03,-0.228,0.489
0.36445093154907227,0.031,-0.152,0.456
0.37653183937072754,0.032,-0.24,0.478
0.3912498950958252,0.033,-0.177,0.467
0.4036238193511963,0.034,-0.152,0.444
0.4155158996582031,0.035,-0.177,0.467
0.4272778034210205,0.036000000000000004,-0.177,0.467
0.4389970302581787,0.037,-0.152,0.444
0.44979381561279297,0.038,-0.202,0.478
0.46094202995300293,0.039,-0.152,0.456
0.47200989723205566,0.04,-0.152,0.444
0.4831349849700928,0.041,-0.177,0.467
0.4951338768005371,0.042,-0.114,0.444
0.5069959163665771,0.043000000000000003,-0.152,0.467
0.5190119743347168,0.044,-0.089,0.433
0.5311949253082275,0.045,-0.076,0.456
0.5433969497680664,0.046,-0.114,0.456
0.5555999279022217,0.047,-0.114,0.456
0.5675258636474609,0.048,-0.089,0.433
0.5792689323425293,0.049,-0.127,0.467
0.5916588306427002,0.05,-0.139,0.467
0.6034529209136963,0.051000000000000004,-0.127,0.456
0.6152598857879639,0.052000000000000005,-0.19,0.478
0.6272549629211426,0.053,-0.139,0.444
0.6392199993133545,0.054,-0.19,0.478
0.6513998508453369,0.055,-0.19,0.478
0.6633458137512207,0.056,-0.127,0.467
0.6747689247131348,0.057,-0.202,0.489
0.6859920024871826,0.058,-0.164,0.489
0.6979258060455322,0.059000000000000004,-0.127,0.478
0.7095499038696289,0.06,-0.202,0.489
0.7208349704742432,0.061,-0.152,0.489
0.732611894607544,0.062,-0.127,0.5
0.7437407970428467,0.063,-0.177,0.5
0.7548048496246338,0.064,-0.139,0.489
0.7656409740447998,0.065,-0.164,0.489
0.7768878936767578,0.066,-0.177,0.522
0.7890958786010742,0.067,-0.139,0.489
0.8011839389801025,0.068,-0.202,0.522
0.8130970001220703,0.069,-0.215,0.5
0.8252248764038086,0.07,-0.164,0.522
0.8370578289031982,0.07100000000000001,-0.228,0.533
0.8491618633270264,0.07200000000000001,-0.19,0.5
0.8613698482513428,0.073,-0.164,0.5
0.8731579780578613,0.074,-0.228,0.478
0.8853030204772949,0.075,-0.202,0.467
0.8971419334411621,0.076,-0.164,0.444
0.90901780128479,0.077,-0.228,0.422
0.920989990234375,0.078,-0.164,0.378
0.9326739311218262,0.079,-0.228,0.378
0.943544864654541,0.08,-0.152,0.378
0.9545478820800781,0.081,-0.152,0.322
0.9655787944793701,0.082,-0.19,0.367
0.9767739772796631,0.083,-0.177,0.356
0.9887278079986572,0.084,-0.114,0.333
1.001175880432129,0.085,-0.228,0.389
1.0130548477172852,0.08600000000000001,-0.164,0.356
1.0250349044799805,0.08700000000000001,-0.164,0.356
1.037060022354126,0.088,-0.202,0.4
1.048973798751831,0.089,-0.152,0.389
1.0611388683319092,0.09,-0.164,0.367
1.0731778144836426,0.091,-0.164,0.378
1.085188865661621,0.092,-0.127,0.378
1.0970959663391113,0.093,-0.202,0.389
1.1089999675750732,0.094,-0.152,0.389
1.12105393409729,0.095,-0.114,0.367
1.1330289840698242,0.096,-0.177,0.4
1.1449389457702637,0.097,-0.152,0.4
1.1571028232574463,0.098,-0.139,0.389
1.1689279079437256,0.099,-0.19,0.4
1.1807119846343994,0.1,-0.127,0.411
1.1924970149993896,0.101,-0.139,0.389
1.203333854675293,0.10200000000000001,-0.164,0.4
1.2144389152526855,0.10300000000000001,-0.139,0.389
1.2257850170135498,0.10400000000000001,-0.152,0.411
1.2375469207763672,0.105,-0.19,0.4
1.2494900226593018,0.106,-0.114,0.4
1.2605979442596436,0.107,-0.19,0.433
1.2732069492340088,0.108,-0.164,0.4
1.2850708961486816,0.109,-0.127,0.389
1.2970759868621826,0.11,-0.19,0.444
1.3090629577636719,0.111,-0.177,0.422
1.320990800857544,0.112,-0.152,0.411
1.332859992980957,0.113,-0.202,0.444
1.3447937965393066,0.114,-0.164,0.433
1.3568339347839355,0.115,-0.19,0.422
1.3688249588012695,0.116,-0.164,0.411
1.3807988166809082,0.117,-0.127,0.433
1.3928329944610596,0.11800000000000001,-0.19,0.444
1.4048988819122314,0.11900000000000001,-0.177,0.433
1.4170877933502197,0.12,-0.114,0.411
1.428591012954712,0.121,-0.19,0.456
1.440476894378662,0.122,-0.152,0.433
1.4522919654846191,0.123,-0.127,0.4
1.4631788730621338,0.124,-0.177,0.456
1.4742469787597656,0.125,-0.139,0.411
1.4852478504180908,0.126,-0.114,0.4
1.4967589378356934,0.127,-0.152,0.4
1.508404016494751,0.128,-0.139,0.422
1.5203278064727783,0.129,-0.127,0.411
1.531688928604126,0.13,-0.202,0.444
1.5438389778137207,0.131,-0.114,0.389
1.556135892868042,0.132,-0.177,0.444
1.5676689147949219,0.133,-0.164,0.444
1.579854965209961,0.134,-0.127,0.444
1.5917658805847168,0.135,-0.215,0.467
1.6038548946380615,0.136,-0.164,0.456
1.6155719757080078,0.137,-0.152,0.433
1.6277008056640625,0.138,-0.215,0.444
1.6396849155426025,0.139,-0.19,0.456
1.6517689228057861,0.14,-0.202,0.456
1.6636300086975098,0.14100000000000001,-0.19,0.444
1.6755528450012207,0.14200000000000002,-0.177,0.422
1.687220811843872,0.14300000000000002,-0.215,0.444
1.698112964630127,0.14400000000000002,-0.202,0.456
1.7091548442840576,0.145,-0.164,0.422
1.7199859619140625,0.146,-0.24,0.456
1.7311899662017822,0.147,-0.215,0.444
1.7423508167266846,0.148,-0.152,0.433
1.7543230056762695,0.149,-0.24,0.456
1.7666378021240234,0.15,-0.177,0.456
1.778285026550293,0.151,-0.19,0.433
1.7901129722595215,0.152,-0.215,0.456
1.8015339374542236,0.153,-0.177,0.422
1.8136968612670898,0.154,-0.19,0.444
1.825976848602295,0.155,-0.177,0.444
1.837629795074463,0.156,-0.139,0.422
1.8497447967529297,0.157,-0.228,0.433
1.8615899085998535,0.158,-0.19,0.411
1.8735218048095703,0.159,-0.038,0.389
1.8855910301208496,0.16,-0.164,0.433
1.8975470066070557,0.161,-0.164,0.389
1.9096050262451172,0.162,-0.101,0.367
1.9213078022003174,0.163,-0.152,0.389
1.9331879615783691,0.164,-0.089,0.356
1.9449598789215088,0.165,-0.114,0.344
1.955941915512085,0.166,-0.114,0.344
1.9669599533081055,0.167,-0.076,0.356
1.9778318405151367,0.168,-0.127,0.356
1.989292860031128,0.169,-0.114,0.344
2.0012168884277344,0.17,-0.063,0.333
2.0131850242614746,0.171,-0.152,0.378
2.0255699157714844,0.17200000000000001,-0.127,0.389
2.037390947341919,0.17300000000000001,-0.038,0.489
2.0493388175964355,0.17400000000000002,-0.164,0.422
2.061314821243286,0.17500000000000002,-0.101,0.4
2.073330879211426,0.176,-0.152,0.389
2.0853679180145264,0.177,-0.114,0.478
2.0978147983551025,0.178,0.354,0.744
2.109283924102783,0.179,0.506,1.022
2.121307849884033,0.18,0.86,1.311
2.1334638595581055,0.181,0.999,1.445
2.1453568935394287,0.182,1.177,1.689
2.157454013824463,0.183,1.404,1.856
2.1692538261413574,0.184,1.645,1.956
2.181119918823242,0.185,1.834,2.322
2.19283390045166,0.186,2.05,2.445
2.203742027282715,0.187,2.138,2.6
2.2149147987365723,0.188,3.201,3.722
2.2272238731384277,0.189,3.441,3.934
2.239316940307617,0.19,3.517,4.0
2.2510409355163574,0.191,3.517,4.1
2.2628748416900635,0.192,3.783,4.278
2.2739458084106445,0.193,4.049,4.611
2.2860159873962402,0.194,4.2,4.711
2.2981488704681396,0.195,4.251,4.723
2.3102288246154785,0.196,4.15,4.711
2.3221819400787354,0.197,4.124,4.656
2.3341619968414307,0.198,4.137,4.645
2.3461999893188477,0.199,4.061,4.678
2.358358860015869,0.2,4.124,4.623
2.3702938556671143,0.201,4.099,4.623
2.382297992706299,0.202,4.061,4.611
2.394300937652588,0.203,4.086,4.567
2.4061129093170166,0.20400000000000001,4.023,4.534
2.418156862258911,0.20500000000000002,4.011,4.511
2.429999828338623,0.20600000000000002,4.061,4.5
2.441635847091675,0.20700000000000002,3.998,4.545
2.452620029449463,0.20800000000000002,4.074,4.5
2.4635989665985107,0.209,4.137,4.5
2.474613904953003,0.21,4.023,4.523
2.4856138229370117,0.211,4.074,4.489
2.496748924255371,0.212,4.061,4.478
2.5079078674316406,0.213,4.036,4.5
2.520051956176758,0.214,4.086,4.5
2.5319528579711914,0.215,4.137,4.545
2.5442628860473633,0.216,4.124,4.656
2.556051015853882,0.217,4.415,4.734
2.5680508613586426,0.218,4.415,4.967
2.5800888538360596,0.219,4.605,5.078
2.5920028686523438,0.22,4.719,5.156
2.6039958000183105,0.221,4.694,5.211
2.6162269115448,0.222,4.782,5.256
2.6280038356781006,0.223,4.871,5.267
2.640493869781494,0.224,4.757,5.367
2.652086019515991,0.225,4.884,5.334
2.6639959812164307,0.226,4.884,5.378
2.675977945327759,0.227,4.871,5.389
2.6876108646392822,0.228,4.909,5.356
2.698472023010254,0.229,4.884,5.356
2.70944881439209,0.23,4.896,5.367
2.7205970287323,0.231,4.972,5.356
2.731740951538086,0.232,4.896,5.378
2.7437539100646973,0.233,4.959,5.356
2.7555899620056152,0.234,4.985,5.378
2.7671988010406494,0.23500000000000001,4.934,5.423
2.7788898944854736,0.23600000000000002,4.997,5.411
2.7910189628601074,0.23700000000000002,5.023,5.411
2.803128957748413,0.23800000000000002,4.959,5.434
2.815147876739502,0.23900000000000002,5.035,5.445
2.8269028663635254,0.24,5.023,5.5
2.838894844055176,0.241,5.073,5.534
2.851005792617798,0.242,5.175,5.611
2.8629729747772217,0.243,5.377,5.811
2.875018835067749,0.244,5.719,6.178
2.8868408203125,0.245,6.149,6.478
2.8990468978881836,0.246,6.389,6.945
2.9111618995666504,0.247,6.971,7.323
2.922991991043091,0.248,7.464,7.9
2.9348599910736084,0.249,7.857,8.445
2.9466848373413086,0.25,8.008,8.556
2.958329916000366,0.251,8.034,8.556
2.9693830013275146,0.252,7.983,8.578
2.9805519580841064,0.253,8.072,8.601
2.991696834564209,0.254,8.008,8.678
3.0033979415893555,0.255,8.034,8.723
3.014739990234375,0.256,8.148,8.712
3.0266408920288086,0.257,8.122,8.767
3.0388808250427246,0.258,8.16,8.889
3.0508840084075928,0.259,8.552,9.101
3.0629968643188477,0.26,8.78,9.456
3.0748889446258545,0.261,9.033,9.667
3.086833953857422,0.262,9.236,9.823
3.098896026611328,0.263,9.248,10.056
3.110929012298584,0.264,9.603,10.323
3.122968912124634,0.265,9.982,10.723
3.134852886199951,0.266,10.248,11.09
3.146888017654419,0.267,10.374,11.178
3.1588330268859863,0.268,10.387,11.256
3.170835018157959,0.269,10.4,11.29
3.1826839447021484,0.27,10.425,11.234
3.1944668292999268,0.271,10.324,11.267
3.2061939239501953,0.272,10.324,11.278
3.2170939445495605,0.273,10.336,11.212
3.2281529903411865,0.274,10.248,11.201
3.2393147945404053,0.275,10.273,11.212
3.2502689361572266,0.276,10.311,11.212
3.26176381111145,0.277,10.248,11.245
3.273591995239258,0.278,10.298,11.234
3.285737991333008,0.279,10.26,11.212
3.297837972640991,0.28,10.235,11.223
3.309769868850708,0.281,10.273,11.212
3.3216958045959473,0.28200000000000003,10.159,11.234
3.3336358070373535,0.28300000000000003,10.235,11.234
3.345878839492798,0.28400000000000003,10.311,11.212
3.3575878143310547,0.28500000000000003,10.248,11.278
3.3696298599243164,0.28600000000000003,10.349,11.312
3.381727933883667,0.28700000000000003,10.463,11.434
3.393630027770996,0.28800000000000003,10.729,11.701
3.405629873275757,0.289,11.032,12.001
3.4176700115203857,0.29,11.222,12.167
3.4295248985290527,0.291,11.285,12.301
3.4411728382110596,0.292,11.424,12.334
3.45210599899292,0.293,11.412,12.39
3.463287830352783,0.294,11.386,12.412
3.4750289916992188,0.295,11.437,12.379
3.486362934112549,0.296,11.386,12.401
3.4982709884643555,0.297,11.412,12.412
3.5102698802948,0.298,11.5,12.412
3.5222480297088623,0.299,11.437,12.479
3.53439998626709,0.3,11.5,12.512
3.546686887741089,0.301,11.462,12.534
3.5585598945617676,0.302,11.488,12.512
3.5704898834228516,0.303,11.526,12.501
3.5825209617614746,0.304,11.526,12.534
3.5947518348693848,0.305,11.526,12.523
3.606597900390625,0.306,11.564,12.512
3.6190478801727295,0.307,11.513,12.534
3.6315529346466064,0.308,11.551,12.534
3.6434898376464844,0.309,11.589,12.556
3.6555089950561523,0.31,11.538,12.623
3.667447805404663,0.311,11.627,12.612
3.679283857345581,0.312,11.703,12.645
3.6911869049072266,0.313,11.741,12.701
3.702847957611084,0.314,11.855,12.812
3.7139768600463867,0.315,12.006,12.945
3.7249159812927246,0.316,12.183,13.09
3.7360148429870605,0.317,12.297,13.19
3.7472028732299805,0.318,12.272,13.279
3.7590909004211426,0.319,12.348,13.29
3.7710559368133545,0.32,12.424,13.345
3.7836568355560303,0.321,12.424,13.39
3.795466899871826,0.322,12.474,13.401
3.807576894760132,0.323,12.563,13.39
3.8195018768310547,0.324,12.512,13.445
3.8314268589019775,0.325,12.563,13.412
3.8433120250701904,0.326,12.601,13.412
3.8554739952087402,0.327,12.563,13.434
3.867527961730957,0.328,12.601,13.39
3.879664897918701,0.329,12.601,13.401
3.8913350105285645,0.33,12.639,13.434
3.903272867202759,0.331,12.69,13.434
3.91532301902771,0.332,12.639,13.456
3.9274158477783203,0.333,12.652,13.468
3.9390828609466553,0.334,12.639,13.479
3.950917959213257,0.335,12.538,13.512
3.9627599716186523,0.336,12.576,13.501
3.973789930343628,0.337,12.626,13.49
3.9848859310150146,0.338,12.563,13.523
3.9960739612579346,0.339,12.601,13.523
4.008080959320068,0.34,12.601,13.523
4.020051002502441,0.341,12.563,13.534
4.031953811645508,0.342,12.614,13.512
4.044116973876953,0.343,12.601,13.534
4.056137800216675,0.34400000000000003,12.588,13.545
4.06831693649292,0.34500000000000003,12.614,13.534
4.080358028411865,0.34600000000000003,12.601,13.545
4.092190980911255,0.34700000000000003,12.601,13.534
4.10419487953186,0.34800000000000003,12.614,13.534
4.116416931152344,0.34900000000000003,12.614,13.534
4.128116846084595,0.35000000000000003,12.614,13.556
4.140366792678833,0.35100000000000003,12.626,13.568
4.152170896530151,0.352,12.626,13.556
4.164129018783569,0.353,12.626,13.545
4.17634391784668,0.354,12.652,13.568
4.1881208419799805,0.355,12.652,13.545
4.199632883071899,0.356,12.652,13.579
4.21057391166687,0.357,12.652,13.568
4.221498012542725,0.358,12.664,13.568
4.2328879833221436,0.359,12.677,13.568
4.245043992996216,0.36,12.652,13.579
4.2567808628082275,0.361,12.677,13.579
4.268617868423462,0.362,12.702,13.579
4.279881954193115,0.363,12.677,13.612
4.291967868804932,0.364,12.715,13.601
4.304219007492065,0.365,12.765,13.601
4.316164970397949,0.366,12.715,13.612
4.327999830245972,0.367,12.753,13.634
4.34004282951355,0.368,12.765,13.623
4.352064847946167,0.369,12.728,13.668
4.364519834518433,0.37,12.791,13.645
4.376093864440918,0.371,12.791,13.656
4.388077020645142,0.372,12.791,13.679
4.400101900100708,0.373,12.829,13.668
4.412122011184692,0.374,12.854,13.734
4.42407488822937,0.375,12.854,13.768
4.435964822769165,0.376,12.905,13.801
4.447690963745117,0.377,12.968,13.912
4.459407806396484,0.378,13.12,14.023
4.4705259799957275,0.379,13.335,14.212
4.481427907943726,0.38,13.55,14.39
4.49272894859314,0.381,13.689,14.545
4.504669904708862,0.382,13.727,14.645
4.516604900360107,0.383,13.778,14.734
4.528643846511841,0.384,13.891,14.845
4.540714979171753,0.385,13.993,14.923
4.553008794784546,0.386,14.069,15.001
4.56496000289917,0.387,14.208,15.079
4.577082872390747,0.388,14.309,15.19
4.589219808578491,0.389,14.461,15.368
4.601089000701904,0.39,14.714,15.668
4.613058805465698,0.391,15.144,16.068
4.625056028366089,0.392,15.65,16.601
4.637018918991089,0.393,15.954,16.923
4.648923873901367,0.394,16.131,17.112
4.661022901535034,0.395,16.219,17.201
4.672951936721802,0.396,16.333,17.29
4.684654951095581,0.397,16.422,17.379
4.696485996246338,0.398,16.586,17.512
4.70832085609436,0.399,16.877,17.812
4.719237804412842,0.4,17.307,18.201
4.730288028717041,0.401,17.586,18.557
4.741326808929443,0.402,17.763,18.746
4.752584934234619,0.403,17.902,18.89
4.764855861663818,0.404,18.054,19.057
4.776496887207031,0.405,18.231,19.179
4.789212942123413,0.406,18.509,19.412
4.800884008407593,0.40700000000000003,18.8,19.69
4.812757968902588,0.40800000000000003,19.053,20.012
4.824965000152588,0.40900000000000003,19.192,20.157
4.836910963058472,0.41000000000000003,19.243,20.246
4.848832845687866,0.41100000000000003,19.332,20.324
4.86077094078064,0.41200000000000003,19.395,20.39
4.8729248046875,0.41300000000000003,19.408,20.39
4.885041952133179,0.41400000000000003,19.496,20.401
4.897111892700195,0.41500000000000004,19.509,20.435
4.909029006958008,0.41600000000000004,19.572,20.479
4.921319007873535,0.417,19.61,20.524
4.933626890182495,0.418,19.736,20.646
4.945315837860107,0.419,19.876,20.89
4.956348896026611,0.42,20.116,21.168
4.96808385848999,0.421,20.369,21.324
4.979120969772339,0.422,20.458,21.424
4.990113019943237,0.423,20.546,21.501
5.0014848709106445,0.424,20.521,21.59
5.013440847396851,0.425,20.571,21.59
5.025396823883057,0.426,20.597,21.579
5.037542819976807,0.427,20.635,21.59
5.049777984619141,0.428,20.647,21.59
5.061870813369751,0.429,20.635,21.612
5.073596954345703,0.43,20.635,21.624
5.085700988769531,0.431,20.622,21.646
5.097883939743042,0.432,20.622,21.668
5.109761953353882,0.433,20.609,21.646
5.121685028076172,0.434,20.647,21.657
5.133548974990845,0.435,20.635,21.635
5.145533800125122,0.436,20.647,21.635
5.157516956329346,0.437,20.66,21.635
5.169548988342285,0.438,20.635,21.668
5.181527853012085,0.439,20.698,21.679
5.1932268142700195,0.44,20.685,21.657
5.20396089553833,0.441,20.673,21.657
5.215036869049072,0.442,20.698,21.668
5.226209878921509,0.443,20.685,21.69
5.238224983215332,0.444,20.698,21.724
5.2503368854522705,0.445,20.774,21.735
5.262362003326416,0.446,20.787,21.768
5.274394989013672,0.447,20.812,21.846
5.286569833755493,0.448,20.938,21.946
5.298645973205566,0.449,21.078,22.113
5.310644865036011,0.45,21.28,22.29
5.322633981704712,0.451,21.457,22.39
5.3344550132751465,0.452,21.444,22.457
5.346524953842163,0.453,21.495,22.513
5.358569860458374,0.454,21.482,22.535
5.37056303024292,0.455,21.546,22.579
5.382612943649292,0.456,21.558,22.568
5.39461088180542,0.457,21.571,22.568
5.406558990478516,0.458,21.571,22.601
5.418864965438843,0.459,21.584,22.601
5.430652856826782,0.46,21.558,22.635
5.4424238204956055,0.461,21.558,22.657
5.454401016235352,0.462,21.584,22.668
5.465847015380859,0.463,21.571,22.657
5.477060794830322,0.464,21.609,22.668
5.489264011383057,0.465,21.622,22.657
5.500773906707764,0.466,21.609,22.668
5.511833906173706,0.467,21.609,22.668
5.52304482460022,0.468,21.622,22.69
5.535195827484131,0.46900000000000003,21.596,22.69
5.5475687980651855,0.47000000000000003,21.634,22.701
5.559387922286987,0.47100000000000003,21.584,22.679
5.57193398475647,0.47200000000000003,21.634,22.69
5.584277868270874,0.47300000000000003,21.622,22.69
5.596287965774536,0.47400000000000003,21.609,22.69
5.608518838882446,0.47500000000000003,21.609,22.69
5.620484828948975,0.47600000000000003,21.622,22.701
5.632316827774048,0.47700000000000004,21.622,22.679
5.644284963607788,0.47800000000000004,21.622,22.69
5.656231880187988,0.47900000000000004,21.622,22.679
5.6682939529418945,0.48,21.647,22.69
5.6804258823394775,0.481,21.647,22.69
5.691980838775635,0.482,21.647,22.69
5.704025983810425,0.483,21.634,22.701
5.7159318923950195,0.484,21.66,22.679
5.727937936782837,0.485,21.647,22.713
5.739822864532471,0.486,21.647,22.679
5.750917911529541,0.487,21.647,22.69
5.762704849243164,0.488,21.66,22.701
5.773873805999756,0.489,21.66,22.724
5.785796880722046,0.49,21.685,22.724
5.797094821929932,0.491,21.672,22.724
5.809252023696899,0.492,21.672,22.724
5.821237802505493,0.493,21.685,22.735
5.8333070278167725,0.494,21.685,22.724
5.845340967178345,0.495,21.685,22.724
5.857131004333496,0.496,21.66,22.735
5.869316816329956,0.497,21.685,22.746
5.881459951400757,0.498,21.735,22.735
5.893221855163574,0.499,21.71,22.746
5.905157804489136,0.5,21.748,22.768
5.9171528816223145,0.501,21.748,22.768
5.929240942001343,0.502,21.748,22.768
5.941012859344482,0.503,21.761,22.768
5.952636957168579,0.504,21.761,22.779
5.96364688873291,0.505,21.799,22.801
5.9745869636535645,0.506,21.811,22.846
5.985903024673462,0.507,21.824,22.868
5.997929811477661,0.508,21.875,22.89
6.009801864624023,0.509,21.925,22.946
6.0216898918151855,0.51,21.963,22.99
6.032787799835205,0.511,22.077,23.113
6.044940948486328,0.512,22.229,23.235
6.057039976119995,0.513,22.393,23.368
6.069097995758057,0.514,22.507,23.49
6.081003904342651,0.515,22.57,23.568
6.09331202507019,0.516,22.596,23.635
6.105150938034058,0.517,22.672,23.69
6.11697793006897,0.518,22.684,23.735
6.129197835922241,0.519,22.722,23.768
6.141199827194214,0.52,22.773,23.735
6.152968883514404,0.521,22.786,23.768
6.164961814880371,0.522,22.823,23.813
6.176928997039795,0.523,22.849,23.846
6.18887186050415,0.524,22.849,23.879
6.200663805007935,0.525,22.887,23.913
6.212371826171875,0.526,22.937,23.913
6.223588943481445,0.527,22.95,23.924
6.234457015991211,0.528,22.975,23.968
6.245401859283447,0.529,22.988,23.979
6.256838798522949,0.53,23.013,24.013
6.268730878829956,0.531,23.026,24.035
6.280603885650635,0.532,23.051,24.046
6.292691946029663,0.533,23.064,24.09
6.304876804351807,0.534,23.077,24.102
6.317076921463013,0.535,23.114,24.157
6.328959941864014,0.536,23.165,24.179
6.3409810066223145,0.537,23.216,24.235
6.353335857391357,0.538,23.266,24.302
6.365249872207642,0.539,23.405,24.413
6.376834869384766,0.54,23.57,24.568
6.388818025588989,0.541,23.772,24.779
6.400974988937378,0.542,23.975,24.957
6.412843942642212,0.543,24.127,25.102
6.424983024597168,0.544,24.228,25.202
6.436758995056152,0.545,24.316,25.302
6.4485509395599365,0.546,24.329,25.357
6.460367918014526,0.547,24.443,25.39
6.471192836761475,0.548,24.456,25.435
6.482414960861206,0.549,24.506,25.457
6.494759798049927,0.55,24.519,25.479
6.506376028060913,0.551,24.544,25.513
6.51751184463501,0.552,24.544,25.557
6.5295538902282715,0.553,24.557,25.579
6.54166579246521,0.554,24.595,25.591
6.5539000034332275,0.555,60.538,61.926
6.565666913986206,0.556,60.601,61.915
6.577677011489868,0.557,60.525,61.915
6.58974289894104,0.558,60.538,61.904
6.601670026779175,0.559,60.538,61.959
6.613649845123291,0.56,60.513,61.959
6.625874996185303,0.561,60.551,61.948
6.637578010559082,0.562,60.576,61.948
6.649852991104126,0.5630000000000001,60.589,61.971
6.661909818649292,0.5640000000000001,60.601,61.971
6.673611879348755,0.5650000000000001,60.601,61.993
6.6858069896698,0.5660000000000001,60.614,62.026
6.6975109577178955,0.5670000000000001,60.677,62.059
6.709154844284058,0.5680000000000001,60.728,62.115
6.72015380859375,0.5690000000000001,60.816,62.215
6.731055021286011,0.5700000000000001,61.006,62.404
6.742262840270996,0.5710000000000001,61.297,62.682
6.753114938735962,0.5720000000000001,61.613,62.937
6.7641518115997314,0.5730000000000001,61.79,63.16
6.775417804718018,0.5740000000000001,61.955,63.382
6.7873640060424805,0.5750000000000001,62.221,63.682
6.7995688915252686,0.5760000000000001,62.638,63.96
6.811584949493408,0.577,62.954,64.248
6.823622941970825,0.578,63.22,64.515
6.8355019092559814,0.579,63.283,64.649
6.847564935684204,0.58,63.309,64.715
6.859566926956177,0.581,63.359,64.782
6.872035980224609,0.582,63.385,64.815
6.883633852005005,0.583,63.397,64.793
6.895640850067139,0.584,63.46,64.804
6.907773017883301,0.585,63.448,64.782
6.919682025909424,0.586,63.422,64.782
6.931603908538818,0.587,63.422,64.76
6.943339824676514,0.588,63.385,64.771
6.955236911773682,0.589,63.385,64.793
6.966895818710327,0.59,63.397,64.737
6.9780988693237305,0.591,63.347,64.749
6.989311933517456,0.592,63.41,64.749
7.001211881637573,0.593,63.334,64.726
7.013219833374023,0.594,63.359,64.704
7.0249810218811035,0.595,63.347,64.704
7.036073923110962,0.596,63.309,64.693
7.0473408699035645,0.597,63.309,64.682
7.0594189167022705,0.598,63.347,64.66
7.071393966674805,0.599,63.309,64.649
7.0837578773498535,0.6,63.309,64.66
7.095360994338989,0.601,63.296,64.637
7.107654809951782,0.602,63.258,64.637
7.11943793296814,0.603,63.271,64.637
7.131448984146118,0.604,63.258,64.615
7.143913984298706,0.605,63.258,64.604
7.156236886978149,0.606,63.245,64.582
7.168260812759399,0.607,63.245,64.593
7.180416822433472,0.608,63.233,64.56
7.192189931869507,0.609,63.245,64.571
7.204072952270508,0.61,63.195,64.571
7.2158989906311035,0.611,63.207,64.56
7.227644920349121,0.612,63.22,64.56
7.239038944244385,0.613,63.207,64.549
7.251084804534912,0.614,63.22,64.549
7.263260841369629,0.615,63.169,64.537
7.274918794631958,0.616,63.182,64.537
7.287099838256836,0.617,63.207,64.549
7.299222946166992,0.618,63.182,64.526
7.3113768100738525,0.619,63.169,64.537
7.323297023773193,0.62,63.22,64.526
7.335646867752075,0.621,63.157,64.537
7.348169803619385,0.622,63.195,64.537
7.360185861587524,0.623,63.22,64.537
7.372594833374023,0.624,63.195,64.526
7.384320974349976,0.625,63.207,64.549
7.396154880523682,0.626,63.233,64.549
7.408183813095093,0.627,63.22,64.571
7.42012882232666,0.628,63.283,64.571
7.432475805282593,0.629,63.258,64.593
7.444196939468384,0.63,63.296,64.649
7.455767869949341,0.631,63.347,64.66
7.4668638706207275,0.632,63.422,64.737
7.4788219928741455,0.633,63.46,64.804
7.490577936172485,0.634,63.625,64.937
7.502152919769287,0.635,63.789,65.115
7.513900995254517,0.636,64.004,65.293
7.525787830352783,0.637,64.169,65.471
7.537698984146118,0.638,64.22,65.593
7.548823833465576,0.639,64.308,65.715
7.560993909835815,0.64,64.409,65.86
7.5731189250946045,0.641,64.536,65.949
7.58513879776001,0.642,64.7,66.06
7.597259998321533,0.643,64.814,66.193
7.609108924865723,0.644,65.067,66.426
7.621191024780273,0.645,65.308,66.66
7.633224010467529,0.646,65.548,66.893
7.645159006118774,0.647,65.75,67.115
7.657125949859619,0.648,65.902,67.238
7.669230937957764,0.649,65.927,67.382
7.68091893196106,0.65,66.016,67.438
7.692551851272583,0.651,66.079,67.449
7.7034687995910645,0.652,66.105,67.493
7.714435815811157,0.653,66.117,67.504
7.726251840591431,0.654,66.13,67.515
7.737429857254028,0.655,66.117,67.526
7.748291969299316,0.656,66.143,67.549
7.759765863418579,0.657,66.117,67.538
7.771814823150635,0.658,66.143,67.526
7.783684015274048,0.659,66.143,67.526
7.795454978942871,0.66,66.13,67.538
7.806701898574829,0.661,66.117,67.526
7.818521976470947,0.662,66.143,67.504
7.829823970794678,0.663,66.092,67.515
7.841911792755127,0.664,66.105,67.526
7.854311943054199,0.665,66.105,67.504
7.866119861602783,0.666,66.092,67.538
7.877898931503296,0.667,66.092,67.504
7.8899970054626465,0.668,66.092,67.526
7.902174949645996,0.669,66.105,67.504
7.91402792930603,0.67,66.143,67.504
7.92600679397583,0.671,66.079,67.538
7.93786096572876,0.672,66.117,67.504
7.949834823608398,0.673,66.13,67.504
7.961565971374512,0.674,66.105,67.504
7.973250865936279,0.675,66.105,67.526
7.984531879425049,0.676,66.117,67.515
7.996703863143921,0.677,66.117,67.515
8.008667945861816,0.678,66.117,67.515
8.020501852035522,0.679,66.13,67.515
8.032410860061646,0.68,66.13,67.538
8.043998956680298,0.681,66.168,67.549
8.055895805358887,0.682,66.155,67.549
8.068229913711548,0.683,66.193,67.593
8.079880952835083,0.684,66.244,67.626
8.092025995254517,0.685,66.282,67.682
8.104120016098022,0.686,66.383,67.804
8.115875005722046,0.687,66.585,68.015
8.128087997436523,0.6880000000000001,66.914,68.304
8.139850854873657,0.6890000000000001,67.319,68.704
8.151932001113892,0.6900000000000001,67.699,69.115
8.163899898529053,0.6910000000000001,68.331,69.793
8.175695896148682,0.6920000000000001,69.065,70.449
8.187707901000977,0.6930000000000001,69.407,70.849
8.199573993682861,0.6940000000000001,69.558,71.016
8.211341857910156,0.6950000000000001,69.634,71.104
8.223242998123169,0.6960000000000001,69.634,71.104
8.234099864959717,0.6970000000000001,69.672,71.127
8.245172023773193,0.6980000000000001,69.685,71.104
8.256472826004028,0.6990000000000001,69.647,71.116
8.268787860870361,0.7000000000000001,69.647,71.104
8.2808198928833,0.7010000000000001,69.66,71.127
8.292578935623169,0.7020000000000001,69.672,71.149
8.304627895355225,0.7030000000000001,69.71,71.16
8.316795825958252,0.704,69.698,71.171
8.328758001327515,0.705,69.736,71.182
8.34093189239502,0.706,69.786,71.227
8.354723930358887,0.707,69.837,71.26
8.366688966751099,0.708,69.913,71.393
8.378844022750854,0.709,70.103,71.549
8.390751838684082,0.71,70.431,71.871
8.4026780128479,0.711,70.849,72.205
8.41488790512085,0.712,71.165,72.571
8.426869869232178,0.713,71.456,72.96
8.438719987869263,0.714,71.899,73.438
8.450453996658325,0.715,72.291,73.805
8.462126970291138,0.716,72.57,74.038
8.473042964935303,0.717,72.671,74.16
8.483999013900757,0.718,72.696,74.216
8.495357990264893,0.719,72.721,74.227
8.507397890090942,0.72,72.759,74.238
8.519328832626343,0.721,72.734,74.227
8.53128695487976,0.722,72.734,74.238
8.54331088066101,0.723,72.734,74.216
8.555402994155884,0.724,72.721,74.216
8.567606925964355,0.725,72.696,74.182
8.579586029052734,0.726,72.709,74.216
8.591672897338867,0.727,72.683,74.216
8.6041259765625,0.728,72.683,74.205
8.616434812545776,0.729,72.683,74.205
8.628374814987183,0.73,72.671,74.205
8.640689849853516,0.731,72.696,74.171
8.652468919754028,0.732,72.671,74.182
8.664498805999756,0.733,72.658,74.194
8.67636489868164,0.734,72.696,74.194
8.688385963439941,0.735,72.683,74.194
8.70014500617981,0.736,72.721,74.194
8.712024927139282,0.737,72.734,74.205
8.72281789779663,0.738,72.709,74.249
8.73409390449524,0.739,72.848,74.26
8.746195793151855,0.74,72.861,74.316
8.758116960525513,0.741,72.987,74.427
8.770012855529785,0.742,73.114,74.605
8.782023906707764,0.743,73.341,74.816
8.794234991073608,0.744,73.518,75.038
8.806481838226318,0.745,73.696,75.16
8.818460941314697,0.746,73.759,75.305
8.830375909805298,0.747,73.847,75.427
8.842489957809448,0.748,74.012,75.516
8.854551792144775,0.749,74.075,75.594
8.866472959518433,0.75,74.164,75.66
8.87854790687561,0.751,74.252,75.738
8.890414953231812,0.752,74.214,75.816
8.902355909347534,0.753,74.328,75.883
8.914520978927612,0.754,74.404,75.971
8.926342010498047,0.755,74.518,76.06
8.93838381767273,0.756,74.644,76.171
8.950097799301147,0.757,74.746,76.283
8.961796998977661,0.758,74.847,76.394
8.972700834274292,0.759,74.923,76.483
8.983686923980713,0.76,74.973,76.56
8.994746923446655,0.761,75.075,76.605
9.006102800369263,0.762,75.113,76.627
9.01816987991333,0.763,75.113,76.638
9.029984951019287,0.764,75.15,76.671
9.041958808898926,0.765,75.125,76.683
9.054242849349976,0.766,75.138,76.694
9.066282987594604,0.767,75.15,76.694
9.078290939331055,0.768,75.138,76.716
9.090317010879517,0.769,75.138,76.705
9.10221791267395,0.77,75.15,76.694
9.114242792129517,0.771,75.125,76.683
9.126154899597168,0.772,75.113,76.683
9.138245820999146,0.773,75.125,76.694
9.150043964385986,0.774,75.062,76.683
9.16211199760437,0.775,75.113,76.66
9.17412281036377,0.776,75.113,76.649
9.187768936157227,0.777,75.062,76.649
9.199928998947144,0.778,75.087,76.627
9.211683988571167,0.779,75.1,76.638
9.222582817077637,0.78,75.075,76.627
9.233584880828857,0.781,75.1,76.605
9.244459867477417,0.782,75.037,76.583
9.255905866622925,0.783,75.062,76.583
9.26787781715393,0.784,75.062,76.583
9.27953290939331,0.785,75.037,76.56
9.290706872940063,0.786,74.999,76.583
9.30310583114624,0.787,75.049,76.56
9.315090894699097,0.788,74.986,76.538
9.32709288597107,0.789,74.999,76.538
9.338964939117432,0.79,74.961,76.516
9.351078987121582,0.791,74.961,76.538
9.363209009170532,0.792,74.961,76.527
9.375024795532227,0.793,74.935,76.505
9.3872230052948,0.794,74.948,76.516
9.398957014083862,0.795,74.948,76.494
9.41090989112854,0.796,74.935,76.494
9.423120021820068,0.797,74.935,76.505
9.435070991516113,0.798,74.923,76.483
9.446901798248291,0.799,74.897,76.494
9.458629846572876,0.8,74.91,76.471
9.470347881317139,0.801,74.91,76.471
9.48157000541687,0.802,74.91,76.471
9.493640899658203,0.803,74.897,76.471
9.505403995513916,0.804,74.91,76.46
9.516716003417969,0.805,74.91,76.449
9.528898000717163,0.806,74.923,76.427
9.540838956832886,0.807,74.897,76.449
9.553040027618408,0.808,74.897,76.438
9.564966917037964,0.809,74.923,76.416
9.577289819717407,0.81,74.897,76.438
9.588878870010376,0.811,74.897,76.427
9.600981950759888,0.812,74.91,76.427
9.612815856933594,0.8130000000000001,74.897,76.427
9.624939918518066,0.8140000000000001,74.885,76.427
9.636796951293945,0.8150000000000001,74.91,76.427
9.648880958557129,0.8160000000000001,74.923,76.427
9.661013841629028,0.8170000000000001,74.897,76.427
9.672810792922974,0.8180000000000001,74.897,76.438
9.68490982055664,0.8190000000000001,74.91,76.449
9.696831941604614,0.8200000000000001,74.973,76.438
9.708505868911743,0.8210000000000001,74.91,76.46
9.720276832580566,0.8220000000000001,74.935,76.46
9.731289863586426,0.8230000000000001,74.948,76.449
9.742396831512451,0.8240000000000001,74.923,76.494
9.753417015075684,0.8250000000000001,74.935,76.494
9.764600992202759,0.8260000000000001,74.973,76.516
9.77662181854248,0.8270000000000001,74.986,76.538
9.788594961166382,0.8280000000000001,75.1,76.583
9.800630807876587,0.8290000000000001,75.138,76.616
9.812978029251099,0.8300000000000001,75.176,76.694
9.824862957000732,0.8310000000000001,75.34,76.838
9.837230920791626,0.8320000000000001,75.555,77.094
9.84883999824524,0.833,75.922,77.405
9.860865831375122,0.834,76.276,77.716
9.872934818267822,0.835,76.555,78.038
9.884804964065552,0.836,76.972,78.46
9.896808862686157,0.837,77.643,79.138
9.909337997436523,0.838,78.2,79.705
9.921865940093994,0.839,78.503,80.027
9.93363881111145,0.84,78.655,80.205
9.945734977722168,0.841,78.756,80.35
9.95753002166748,0.842,78.845,80.405
9.969213962554932,0.843,78.946,80.483
9.98012900352478,0.844,79.072,80.594
9.99111795425415,0.845,79.288,80.794
10.002293825149536,0.846,79.629,81.216
10.01450800895691,0.847,80.186,81.705
10.026404857635498,0.848,80.54,82.127
10.038503885269165,0.849,80.831,82.483
10.050695896148682,0.85,81.211,82.883
10.062580823898315,0.851,81.628,83.183
10.074623823165894,0.852,81.906,83.439
10.08663296699524,0.853,82.096,83.605
10.098646879196167,0.854,82.122,83.683
10.11062502861023,0.855,82.172,83.75
10.12254786491394,0.856,82.235,83.794
10.134660959243774,0.857,82.273,83.827
10.146770000457764,0.858,82.286,83.827
10.158684015274048,0.859,82.311,83.85
10.170974969863892,0.86,82.299,83.861
10.18256402015686,0.861,82.273,83.827
10.194533824920654,0.862,82.286,83.861
10.206506967544556,0.863,82.311,83.883
10.218071937561035,0.864,82.337,83.905
10.228933811187744,0.865,82.438,83.95
10.239938974380493,0.866,82.476,84.016
10.25092601776123,0.867,82.64,84.116
10.262038946151733,0.868,82.792,84.305
10.273074865341187,0.869,83.058,84.561
10.284018993377686,0.87,83.285,84.794
10.29525089263916,0.871,83.425,84.928
10.307628870010376,0.872,83.538,85.072
10.31949496269226,0.873,83.678,85.172
10.331993818283081,0.874,83.728,85.239
10.344666004180908,0.875,83.804,85.305
10.35653281211853,0.876,83.918,85.372
10.368448972702026,0.877,83.956,85.461
10.380412817001343,0.878,84.032,85.517
10.39249587059021,0.879,84.108,85.594
10.404472827911377,0.88,84.209,85.694
10.416431903839111,0.881,84.348,85.783
10.428421020507812,0.882,84.424,85.905
10.440552949905396,0.883,84.538,85.994
10.452226877212524,0.884,84.589,86.072
10.464015007019043,0.885,84.627,86.117
10.474987030029297,0.886,84.69,86.161
10.485781908035278,0.887,84.702,86.183
10.496858835220337,0.888,84.69,86.194
10.50789499282837,0.889,84.702,86.183
10.519340991973877,0.89,84.702,86.194
10.531440019607544,0.891,84.702,86.183
10.543046951293945,0.892,84.715,86.183
10.555248975753784,0.893,84.69,86.194
10.56737995147705,0.894,84.677,86.172
10.579393863677979,0.895,84.69,86.161
10.591360807418823,0.896,84.664,86.139
10.603430986404419,0.897,84.652,86.139
10.615360975265503,0.898,84.652,86.128
10.627304792404175,0.899,84.614,86.117
10.639257907867432,0.9,84.614,86.105
10.651213884353638,0.901,84.627,86.094
10.663306951522827,0.902,84.589,86.105
10.675398826599121,0.903,84.614,86.072
10.687165975570679,0.904,84.576,86.061
10.699229001998901,0.905,84.563,86.05
10.71091890335083,0.906,84.551,86.05
10.722673892974854,0.907,84.525,86.017
10.733657836914062,0.908,84.525,86.028
10.74459981918335,0.909,84.538,86.028
10.75636601448059,0.91,84.5,85.994
10.76799988746643,0.911,84.5,85.994
10.779929876327515,0.912,84.487,85.972
10.791922807693481,0.913,84.449,85.961
10.804232835769653,0.914,84.487,85.95
10.816200017929077,0.915,84.462,85.939
10.828333854675293,0.916,84.424,85.95
10.840593814849854,0.917,84.437,85.905
10.852454900741577,0.918,84.411,85.905
10.864375829696655,0.919,84.437,85.905
10.876157999038696,0.92,84.437,85.883
10.888362884521484,0.921,84.374,85.894
10.90028190612793,0.922,84.374,85.861
10.91232681274414,0.923,84.399,85.872
10.924126863479614,0.924,84.374,85.839
10.936035871505737,0.925,84.361,85.839
10.948216915130615,0.926,84.348,85.839
10.959839820861816,0.927,84.348,85.839
10.971555948257446,0.928,84.348,85.805
10.982648849487305,0.929,84.348,85.817
10.994493961334229,0.93,84.31,85.817
11.005865812301636,0.931,84.323,85.817
11.01783299446106,0.932,84.298,85.794
11.029863834381104,0.933,84.298,85.817
11.041808843612671,0.934,84.31,85.805
11.053923845291138,0.935,84.285,85.761
11.06601881980896,0.936,84.298,85.783
11.078011989593506,0.937,84.298,85.772
11.090004920959473,0.9380000000000001,84.298,85.772
11.101998805999756,0.9390000000000001,84.285,85.75
11.114025831222534,0.9400000000000001,84.26,85.75
11.126049995422363,0.9410000000000001,84.285,85.75
11.137980937957764,0.9420000000000001,84.272,85.728
11.150113821029663,0.9430000000000001,84.272,85.728
11.162199020385742,0.9440000000000001,84.247,85.717
11.17392086982727,0.9450000000000001,84.272,85.717
11.186009883880615,0.9460000000000001,84.234,85.694
11.197893857955933,0.9470000000000001,84.26,85.705
11.209766864776611,0.9480000000000001,84.247,85.705
11.221795797348022,0.9490000000000001,84.209,85.705
11.233354806900024,0.9500000000000001,84.234,85.694
11.244608879089355,0.9510000000000001,84.234,85.694
11.256788969039917,0.9520000000000001,84.222,85.717
11.268831968307495,0.9530000000000001,84.247,85.705
11.280850887298584,0.9540000000000001,84.234,85.705
11.292588949203491,0.9550000000000001,84.247,85.728
11.304763793945312,0.9560000000000001,84.26,85.728
11.316972017288208,0.9570000000000001,84.247,85.728
11.328794956207275,0.9580000000000001,84.26,85.717
11.340866804122925,0.9590000000000001,84.272,85.739
11.352991819381714,0.96,84.247,85.728
11.364898920059204,0.961,84.26,85.739
11.377111911773682,0.962,84.285,85.75
11.388986825942993,0.963,84.285,85.783
11.401036024093628,0.964,84.285,85.783
11.412846803665161,0.965,84.323,85.805
11.424970865249634,0.966,84.336,85.828
11.43691897392273,0.967,84.411,85.872
11.448889017105103,0.968,84.437,85.939
11.460651874542236,0.969,84.563,86.05
11.472378969192505,0.97,84.753,86.25
11.484215021133423,0.971,85.019,86.517
11.49518084526062,0.972,85.284,86.783
11.50641393661499,0.973,85.512,87.005
11.518374919891357,0.974,85.715,87.228
11.529557943344116,0.975,85.993,87.483
11.54141902923584,0.976,86.322,87.861
11.553538799285889,0.977,86.752,88.272
11.565817832946777,0.978,87.068,88.572
11.577728986740112,0.979,87.258,88.772
11.589660882949829,0.98,87.385,88.928
11.601966857910156,0.981,87.511,89.017
11.613905906677246,0.982,87.574,89.039
11.625706911087036,0.983,87.612,89.072
11.637913942337036,0.984,87.65,89.083
11.64987587928772,0.985,87.638,89.106
11.661826848983765,0.986,87.663,89.106
11.673774003982544,0.987,87.676,89.117
11.685596942901611,0.988,87.701,89.128
11.697706937789917,0.989,87.701,89.139
11.70927381515503,0.99,87.714,89.15
11.720117807388306,0.991,87.739,89.139
11.731137990951538,0.992,87.764,89.15
11.742386817932129,0.993,87.726,89.15
11.75447702407837,0.994,87.751,89.15
11.76646089553833,0.995,87.789,89.161
11.778621912002563,0.996,87.764,89.172
11.790332794189453,0.997,87.789,89.161
11.80243992805481,0.998,87.789,89.183
11.814651012420654,0.999,87.802,89.206
11.8265860080719,1.0,87.802,89.217
11.8386549949646,1.0010000000000001,87.827,89.239
11.85080099105835,1.002,87.853,89.272
11.8628408908844,1.0030000000000001,87.954,89.283
11.875080823898315,1.004,88.017,89.383
11.886704921722412,1.0050000000000001,88.207,89.583
11.898835897445679,1.006,88.7,89.983
11.910727977752686,1.0070000000000001,89.206,90.439
11.922626972198486,1.008,89.7,90.928
11.934680938720703,1.0090000000000001,90.421,91.617
11.946683883666992,1.01,90.978,92.072
11.958329916000366,1.0110000000000001,91.218,92.328
11.970101833343506,1.012,91.382,92.384
11.98093295097351,1.0130000000000001,91.433,92.384
11.992069005966187,1.014,91.458,92.384
12.004114866256714,1.0150000000000001,91.484,92.384
12.015259981155396,1.016,91.471,92.384
12.027186870574951,1.0170000000000001,91.458,92.384
12.039330005645752,1.018,91.433,92.384
12.051267862319946,1.0190000000000001,91.433,92.384
12.063477993011475,1.02,91.471,92.384
12.07545781135559,1.0210000000000001,91.446,92.384
12.087701797485352,1.022,91.509,92.384
12.099501848220825,1.0230000000000001,91.496,92.384
12.11139702796936,1.024,91.534,92.384
12.123399019241333,1.025,91.547,92.384
12.135547876358032,1.026,91.61,92.384
12.147481918334961,1.027,91.686,92.384
12.159497022628784,1.028,91.838,92.384
12.17145586013794,1.029,92.078,92.384
12.18339490890503,1.03,92.433,92.384
12.19538402557373,1.031,92.635,92.384
12.20729398727417,1.032,92.774,92.384
12.218865871429443,1.033,92.939,92.384
12.229789972305298,1.034,93.128,92.384
12.240773916244507,1.035,93.28,92.384
12.251778841018677,1.036,93.483,92.384
12.263206005096436,1.037,93.66,92.384
12.275323867797852,1.038,93.736,92.384
12.287428855895996,1.039,93.875,92.384
12.29954195022583,1.04,93.963,92.384
12.311401844024658,1.041,94.039,92.384
12.323516845703125,1.042,94.103,92.384
12.335306882858276,1.043,94.141,92.384
12.347714900970459,1.044,94.141,92.384
12.359302997589111,1.045,94.166,92.384
12.371590852737427,1.046,94.128,92.384
12.383363962173462,1.047,94.128,92.384
12.395412921905518,1.048,94.115,92.384
12.407310009002686,1.049,94.115,92.384
12.41936182975769,1.05,94.103,92.372
12.43139386177063,1.051,94.115,92.384
12.443199872970581,1.052,94.09,92.384
12.455196857452393,1.053,94.077,92.384
12.466977834701538,1.054,94.065,92.384
12.478670835494995,1.055,94.052,92.384
12.489683866500854,1.056,94.052,92.384
12.500685930252075,1.057,94.001,92.384
12.512017965316772,1.058,93.951,92.384
12.523720026016235,1.059,94.001,92.384
12.53509783744812,1.06,93.963,92.384
12.546923875808716,1.061,93.938,92.384
12.559156894683838,1.062,93.938,92.384
12.571242809295654,1.063,93.925,92.384
12.583570957183838,1.064,93.938,92.384
12.595276832580566,1.065,93.9,92.384
12.607172012329102,1.066,93.888,92.384
12.619225978851318,1.067,93.9,92.384
12.631322860717773,1.068,93.862,92.384
12.643119812011719,1.069,93.862,92.384
12.655365943908691,1.07,93.875,92.384
12.667315006256104,1.071,93.837,92.384
12.679885864257812,1.072,93.837,92.384
12.692184925079346,1.073,93.837,92.384
12.704077959060669,1.074,93.799,92.384
12.715799808502197,1.075,93.799,92.372
12.727629899978638,1.076,93.799,92.384
12.73845887184143,1.077,93.799,92.384
12.749572992324829,1.078,93.786,92.384
12.760479927062988,1.079,93.761,92.384
12.771827936172485,1.08,93.761,92.384
12.784063816070557,1.081,93.774,92.384
12.795691013336182,1.082,93.748,92.384
12.807860851287842,1.083,96.443,92.372
12.820143938064575,1.084,96.456,92.372
12.831986904144287,1.085,96.456,92.372
12.84396481513977,1.086,96.443,92.372
12.855937004089355,1.087,96.456,92.372
12.86797285079956,1.088,96.456,92.372
12.880038976669312,1.089,96.443,92.372
12.892090797424316,1.09,96.443,92.372
12.904402017593384,1.091,96.456,92.372
12.916172981262207,1.092,96.443,92.372
12.92798399925232,1.093,96.443,92.372
12.940181970596313,1.094,96.456,92.372
12.95219087600708,1.095,96.456,92.372
12.963780879974365,1.096,96.443,92.372
12.97548794746399,1.097,96.456,92.384
12.986364841461182,1.098,96.443,92.372
12.997460842132568,1.099,96.456,92.372
13.008555889129639,1.1,96.456,92.372
13.019681930541992,1.101,96.456,92.372
13.031984806060791,1.102,96.456,92.372
13.043875932693481,1.103,96.456,92.372
13.055843830108643,1.104,96.456,92.372
13.068068981170654,1.105,96.443,92.372
13.080062866210938,1.106,96.443,92.372
13.092091798782349,1.107,96.456,92.372
13.103969812393188,1.108,96.456,92.372
13.116038799285889,1.109,96.443,92.372
13.128016948699951,1.11,96.443,92.372
13.140007019042969,1.111,96.443,92.372
13.151914834976196,1.112,96.443,92.372
13.163968801498413,1.113,96.443,92.372
13.176004886627197,1.114,96.443,92.372
13.187858819961548,1.115,96.443,92.372
13.199978828430176,1.116,96.443,92.384
13.2117018699646,1.117,96.443,92.384
13.223366975784302,1.118,96.443,92.372
13.234344005584717,1.119,96.443,92.372
13.24542498588562,1.12,96.443,92.372
13.25644588470459,1.121,96.43,92.372
13.268532991409302,1.122,96.443,92.372
13.280619859695435,1.123,96.443,92.372
13.292438983917236,1.124,96.443,92.372
13.304560899734497,1.125,96.456,92.372
13.317004919052124,1.1260000000000001,96.443,92.372
13.328859806060791,1.127,96.443,92.384
13.340900897979736,1.1280000000000001,96.443,92.372
13.352772951126099,1.129,96.443,92.372
13.364914894104004,1.1300000000000001,96.443,92.372
13.376873970031738,1.131,96.443,92.372
13.388685941696167,1.1320000000000001,96.443,92.372
13.400945901870728,1.133,96.443,92.384
13.41278600692749,1.1340000000000001,96.443,92.372
13.425305843353271,1.135,96.443,92.372
13.436828851699829,1.1360000000000001,96.443,92.372
13.448692798614502,1.137,96.443,92.372
13.460510015487671,1.1380000000000001,96.43,92.384
13.472283840179443,1.139,96.443,92.372
13.483144998550415,1.1400000000000001,96.443,92.372
13.494427919387817,1.141,96.443,92.372
13.506553888320923,1.1420000000000001,96.443,92.384
13.518347978591919,1.143,96.443,92.384
13.530305862426758,1.1440000000000001,96.443,92.372
13.541318893432617,1.145,96.443,92.372
13.552600860595703,1.1460000000000001,96.443,92.372
13.564783811569214,1.147,96.443,92.372
13.576613903045654,1.1480000000000001,96.456,92.372
13.588765859603882,1.149,96.443,92.372
13.600841999053955,1.1500000000000001,96.456,92.372
13.612805843353271,1.151,96.443,92.372
13.624588966369629,1.1520000000000001,96.443,92.372
13.636543989181519,1.153,96.443,92.372
13.648533821105957,1.154,96.456,92.372
13.660703897476196,1.155,96.443,92.372
13.672514915466309,1.156,96.43,92.384
13.684777021408081,1.157,96.443,92.372
13.696890830993652,1.158,96.443,92.372
13.708491802215576,1.159,96.443,92.372
13.720278978347778,1.16,96.443,92.372
13.732036828994751,1.161,96.443,92.372
13.74301791191101,1.162,96.443,92.372
13.753955841064453,1.163,96.443,92.372
13.764945030212402,1.164,96.443,92.372
13.776068925857544,1.165,96.443,92.372
13.787142992019653,1.166,96.443,92.372
13.798165798187256,1.167,96.443,92.372
13.810248851776123,1.168,96.456,92.372
13.822582006454468,1.169,96.443,92.372
13.834564924240112,1.17,96.443,92.372
13.846524953842163,1.171,96.456,92.372
13.858539819717407,1.172,96.443,92.372
13.870429992675781,1.173,96.443,92.372
13.882524013519287,1.174,96.456,92.372
13.894579887390137,1.175,96.443,92.372
13.906467914581299,1.176,96.443,92.372
13.918567895889282,1.177,96.443,92.372
13.930683851242065,1.178,96.443,92.372
13.942722797393799,1.179,96.443,92.372
13.954628944396973,1.18,96.456,92.372
13.966264009475708,1.181,96.443,92.372
13.978286981582642,1.182,96.443,92.372
13.990129947662354,1.183,96.443,92.372
14.00177001953125,1.184,96.443,92.372
14.013017892837524,1.185,96.43,92.372
14.025039911270142,1.186,96.43,92.372
14.03737497329712,1.187,96.443,92.372
14.049261808395386,1.188,96.43,92.384
14.06118893623352,1.189,96.43,92.372
14.073555946350098,1.19,96.43,92.372
14.085529804229736,1.191,96.43,92.372
14.097301959991455,1.192,96.443,92.372
14.109356880187988,1.193,96.443,92.372
14.121164798736572,1.194,96.443,92.372
14.133318901062012,1.195,96.443,92.372
14.145346879959106,1.196,96.443,92.372
14.15721583366394,1.197,96.443,92.372
14.169420003890991,1.198,96.43,92.372
14.181471824645996,1.199,96.43,92.372
14.193205833435059,1.2,96.443,92.372
14.205456972122192,1.2,96.43,92.372
14.217212915420532,1.199,96.43,92.384
14.228744983673096,1.198,96.43,92.384
14.239701986312866,1.197,96.43,92.372
14.25063681602478,1.196,96.443,92.372
14.26178789138794,1.195,96.43,92.372
14.272724866867065,1.194,96.43,92.372
14.283929824829102,1.193,96.43,92.384
14.29601001739502,1.192,96.43,92.372
14.308157920837402,1.191,96.443,92.372
14.320063829421997,1.19,96.43,92.372
14.332381010055542,1.189,96.43,92.372
14.344177007675171,1.188,96.43,92.372
14.356153011322021,1.187,96.443,92.372
14.368217945098877,1.186,96.443,92.372
14.380321979522705,1.185,96.443,92.372
14.392184019088745,1.184,96.43,92.372
14.404084920883179,1.183,96.443,92.372
14.41602087020874,1.182,96.443,92.372
14.428180932998657,1.181,96.443,92.372
14.440199851989746,1.18,96.43,92.372
14.452073812484741,1.179,96.443,92.372
14.463966846466064,1.178,96.43,92.372
14.475615978240967,1.177,96.443,92.372
14.486466884613037,1.176,96.443,92.372
14.497501850128174,1.175,96.43,92.384
14.508702993392944,1.174,96.43,92.384
14.519868850708008,1.173,96.43,92.372
14.532055854797363,1.172,96.443,92.372
14.54391884803772,1.171,96.43,92.384
14.55600380897522,1.17,96.43,92.372
14.568281888961792,1.169,96.43,92.372
14.580178022384644,1.168,96.43,92.372
14.592091798782349,1.167,96.43,92.372
14.604212999343872,1.166,96.443,92.372
14.616092920303345,1.165,96.443,92.372
14.628118991851807,1.164,96.43,92.372
14.640105962753296,1.163,96.43,92.384
14.651918888092041,1.162,96.443,92.372
14.664024829864502,1.161,96.443,92.372
14.67610788345337,1.16,96.443,92.372
14.688011884689331,1.159,96.443,92.372
14.700097799301147,1.158,96.443,92.372
14.71190881729126,1.157,96.443,92.372
14.723585844039917,1.156,96.43,92.372
14.735461950302124,1.155,96.43,92.372
14.746420860290527,1.154,96.443,92.372
14.757493019104004,1.153,96.443,92.372
14.768731832504272,1.1520000000000001,96.443,92.372
14.780526876449585,1.151,96.443,92.372
14.791640996932983,1.1500000000000001,96.443,92.372
14.803566932678223,1.149,96.43,92.384
14.815009832382202,1.1480000000000001,96.443,92.372
14.826851844787598,1.147,96.43,92.372
14.838985919952393,1.1460000000000001,96.43,92.372
14.850921869277954,1.145,96.43,92.372
14.862977027893066,1.1440000000000001,96.443,92.372
14.874897956848145,1.143,96.43,92.372
14.887180805206299,1.1420000000000001,96.443,92.384
14.899302005767822,1.141,96.443,92.372
14.910883903503418,1.1400000000000001,96.43,92.372
14.922940969467163,1.139,96.43,92.384
14.934959888458252,1.1380000000000001,96.443,92.372
14.946813821792603,1.137,96.443,92.372
14.95894980430603,1.1360000000000001,96.443,92.372
14.970538854598999,1.135,96.443,92.372
14.982234001159668,1.1340000000000001,96.43,92.384
14.993222951889038,1.133,96.443,92.372
15.004199028015137,1.1320000000000001,96.443,92.372
15.015509843826294,1.131,96.43,92.372
15.02796196937561,1.1300000000000001,96.443,92.372
15.03994083404541,1.129,96.443,92.372
15.052080869674683,1.1280000000000001,96.43,92.372
15.063838958740234,1.127,96.43,92.372
15.075750827789307,1.1260000000000001,96.43,92.372
15.08776593208313,1.125,96.443,92.372
15.099798917770386,1.124,96.443,92.372
15.111820936203003,1.123,96.443,92.372
15.123716831207275,1.122,96.443,92.372
15.135782957077026,1.121,96.443,92.372
15.147665023803711,1.12,96.443,92.372
15.15984582901001,1.119,96.43,92.372
15.17162799835205,1.118,96.43,92.372
15.183684825897217,1.117,96.43,92.372
15.195814847946167,1.116,96.43,92.372
15.20756196975708,1.115,96.443,92.372
15.219529867172241,1.114,96.443,92.372
15.231249809265137,1.113,96.43,92.372
15.241981983184814,1.112,96.43,92.384
15.253058910369873,1.111,96.43,92.372
15.264371871948242,1.11,96.43,92.372
15.276335954666138,1.109,96.43,92.372
15.28805685043335,1.108,96.443,92.372
15.29928994178772,1.107,96.443,92.372
15.31131386756897,1.106,96.43,92.372
15.323599815368652,1.105,96.43,92.372
15.335572004318237,1.104,96.43,92.372
15.347579002380371,1.103,96.443,92.372
15.35958194732666,1.102,96.443,92.372
15.371578931808472,1.101,96.43,92.372
15.383616924285889,1.1,96.418,92.372
15.395648956298828,1.099,96.43,92.372
15.407439947128296,1.098,96.43,92.372
15.41960096359253,1.097,96.43,92.372
15.43160891532898,1.096,96.43,92.372
15.443674802780151,1.095,96.418,92.372
15.455582857131958,1.094,96.43,92.372
15.467355966567993,1.093,96.43,92.372
15.47905683517456,1.092,96.43,92.372
15.490043878555298,1.091,96.43,92.372
15.500873804092407,1.09,96.43,92.372
15.512147903442383,1.089,96.443,92.372
15.52421498298645,1.088,96.43,92.372
15.536332845687866,1.087,96.43,92.372
15.548070907592773,1.086,96.43,92.372
15.560075998306274,1.085,96.443,92.372
15.572559833526611,1.084,96.43,92.372
15.584558963775635,1.083,96.43,92.372
15.596860885620117,1.082,96.43,92.372
15.60851001739502,1.081,96.43,92.372
15.620584964752197,1.08,96.443,92.372
15.632673025131226,1.079,96.43,92.372
15.64437484741211,1.078,96.43,92.372
15.656322002410889,1.077,96.43,92.372
15.668367862701416,1.076,96.43,92.372
15.680660009384155,1.075,96.43,92.372
15.692246913909912,1.074,96.418,92.372
15.704651832580566,1.073,96.443,92.372
15.716135025024414,1.072,96.43,92.372
15.727934837341309,1.071,96.43,92.384
15.739904880523682,1.07,96.443,92.372
15.751670837402344,1.069,96.443,92.372
15.762740850448608,1.068,96.43,92.372
15.773769855499268,1.067,96.43,92.372
15.785120010375977,1.066,96.43,92.384
15.79726791381836,1.065,96.43,92.372
15.809376955032349,1.064,96.443,92.372
15.821483850479126,1.063,96.443,92.372
15.833405017852783,1.062,96.443,92.372
15.845432996749878,1.061,96.43,92.372
15.8573899269104,1.06,96.43,92.372
15.869462013244629,1.059,96.43,92.372
15.881302833557129,1.058,96.43,92.372
15.893144845962524,1.057,96.43,92.384
15.905264854431152,1.056,96.43,92.372
15.917112827301025,1.055,96.43,92.384
15.929329872131348,1.054,96.43,92.372
15.941176891326904,1.053,96.43,92.372
15.953094005584717,1.052,96.418,92.372
15.965176820755005,1.051,96.43,92.372
15.976852893829346,1.05,96.418,92.372
15.988515853881836,1.049,96.43,92.372
15.999516010284424,1.048,96.418,92.372
16.01057195663452,1.047,96.43,92.372
16.021649837493896,1.046,96.43,92.372
16.032702922821045,1.045,96.418,92.372
16.043774843215942,1.044,96.418,92.372
16.055619955062866,1.043,96.418,92.384
16.067248821258545,1.042,96.43,92.372
16.079144954681396,1.041,96.43,92.372
16.091537952423096,1.04,96.43,92.372
16.103140830993652,1.039,96.43,92.372
16.11504888534546,1.038,96.43,92.372
16.127151012420654,1.037,96.418,92.372
16.139354944229126,1.036,96.43,92.372
16.151073932647705,1.035,96.43,92.372
16.163050889968872,1.034,96.43,92.372
16.17522692680359,1.033,96.418,92.384
16.1870858669281,1.032,96.418,92.384
16.199187994003296,1.031,96.418,92.384
16.210999965667725,1.03,96.43,92.372
16.22289490699768,1.029,96.418,92.384
16.234705924987793,1.028,96.43,92.372
16.24642300605774,1.027,96.43,92.372
16.257603883743286,1.026,96.43,92.372
16.268637895584106,1.025,96.418,92.372
16.2800509929657,1.024,96.43,92.372
16.291893005371094,1.0230000000000001,96.43,92.384
16.303908824920654,1.022,96.43,92.372
16.315815925598145,1.0210000000000001,96.43,92.372
16.32815980911255,1.02,96.43,92.372
16.34006381034851,1.0190000000000001,96.43,92.372
16.35208296775818,1.018,96.43,92.372
16.364133834838867,1.0170000000000001,96.43,92.372
16.376221895217896,1.016,96.418,92.372
16.3880398273468,1.0150000000000001,96.43,92.372
16.400089979171753,1.014,96.43,92.372
16.411885976791382,1.0130000000000001,96.43,92.372
16.424253940582275,1.012,96.418,92.372
16.43598985671997,1.0110000000000001,96.43,92.372
16.44794988632202,1.01,96.43,92.372
16.46006989479065,1.0090000000000001,96.43,92.372
16.471932888031006,1.008,96.418,92.372
16.483572006225586,1.0070000000000001,96.418,92.384
16.494398832321167,1.006,96.418,92.372
16.505385875701904,1.0050000000000001,96.43,92.372
16.516450881958008,1.004,96.43,92.372
16.52759599685669,1.0030000000000001,96.418,92.372
16.538511991500854,1.002,96.418,92.372
16.54963493347168,1.0010000000000001,96.418,92.372
16.561884880065918,1.0,96.418,92.372
16.573773860931396,0.999,96.43,92.372
16.58597183227539,0.998,96.43,92.372
16.597896814346313,0.997,96.43,92.372
16.609814882278442,0.996,96.43,92.372
16.622015953063965,0.995,96.43,92.372
16.63384985923767,0.994,96.43,92.372
16.6462299823761,0.993,96.43,92.372
16.657797813415527,0.992,96.43,92.372
16.669927835464478,0.991,96.43,92.372
16.68189787864685,0.99,96.418,92.372
16.693928956985474,0.989,96.43,92.372
16.705793857574463,0.988,96.43,92.372
16.717824935913086,0.987,96.43,92.384
16.729646921157837,0.986,96.43,92.372
16.741277933120728,0.985,96.43,92.372
16.752346992492676,0.984,96.43,92.372
16.76339101791382,0.983,96.418,92.372
16.774417877197266,0.982,96.43,92.372
16.78566002845764,0.981,96.418,92.372
16.797542810440063,0.98,96.43,92.372
16.809513807296753,0.979,96.43,92.372
16.82163691520691,0.978,96.418,92.384
16.83377194404602,0.977,96.418,92.372
16.845863819122314,0.976,96.43,92.372
16.857834815979004,0.975,96.43,92.372
16.869789838790894,0.974,96.43,92.372
16.881940841674805,0.973,96.418,92.372
16.893765926361084,0.972,96.43,92.372
16.905905961990356,0.971,96.43,92.372
16.917821884155273,0.97,96.43,92.372
16.929840803146362,0.969,96.43,92.372
16.941733837127686,0.968,96.43,92.372
16.953778982162476,0.967,96.418,92.384
16.965785026550293,0.966,96.43,92.372
16.97759985923767,0.965,96.43,92.372
16.989308834075928,0.964,96.43,92.384
17.000066995620728,0.963,96.43,92.372
17.011427879333496,0.962,96.418,92.372
17.023541927337646,0.961,96.43,92.372
17.035745859146118,0.96,96.43,92.384
17.047297954559326,0.9590000000000001,96.43,92.384
17.059329986572266,0.9580000000000001,96.418,92.372
17.072078943252563,0.9570000000000001,96.418,92.372
17.084535837173462,0.9560000000000001,96.43,92.372
17.097020864486694,0.9550000000000001,96.443,92.372
17.108597993850708,0.9540000000000001,96.43,92.372
17.120816946029663,0.9530000000000001,96.418,92.372
17.133065938949585,0.9520000000000001,96.43,92.372
17.144713878631592,0.9510000000000001,96.43,92.372
17.15650200843811,0.9500000000000001,96.43,92.372
17.16864585876465,0.9490000000000001,96.43,92.372
17.180624961853027,0.9480000000000001,96.43,92.372
17.19312882423401,0.9470000000000001,96.43,92.372
17.205639839172363,0.9460000000000001,96.43,92.372
17.21799898147583,0.9450000000000001,96.43,92.372
17.229349851608276,0.9440000000000001,96.418,92.372
17.241249799728394,0.9430000000000001,96.43,92.372
17.25325083732605,0.9420000000000001,96.43,92.372
17.264973878860474,0.9410000000000001,96.43,92.372
17.276163816452026,0.9400000000000001,96.43,92.372
17.28707981109619,0.9390000000000001,96.43,92.372
17.298247814178467,0.9380000000000001,96.43,92.372
17.31033182144165,0.937,96.43,92.372
17.3224778175354,0.936,96.43,92.372
17.334718942642212,0.935,96.418,92.372
17.34682583808899,0.934,96.43,92.372
17.358574867248535,0.933,96.418,92.372
17.370608806610107,0.932,96.418,92.384
17.382511854171753,0.931,96.43,92.384
17.394575834274292,0.93,96.43,92.372
17.406775951385498,0.929,96.43,92.372
17.41852593421936,0.928,96.43,92.372
17.43044900894165,0.927,96.43,92.372
17.442380905151367,0.926,96.43,92.372
17.454425811767578,0.925,96.43,92.372
17.466585874557495,0.924,96.43,92.372
17.478181838989258,0.923,96.43,92.372
17.489775896072388,0.922,96.43,92.372
17.50094985961914,0.921,96.43,92.372
17.51290488243103,0.92,96.418,92.384
17.523885011672974,0.919,96.43,92.372
17.535103797912598,0.918,96.43,92.372
17.54707384109497,0.917,96.418,92.384
17.558992862701416,0.916,96.43,92.384
17.57103681564331,0.915,96.43,92.372
17.583271026611328,0.914,96.43,92.372
17.595290899276733,0.913,96.43,92.372
17.607435941696167,0.912,96.418,92.384
17.619237899780273,0.911,96.43,92.384
17.631181001663208,0.91,96.43,92.372
17.643383026123047,0.909,96.43,92.372
17.655380964279175,0.908,96.43,92.372
17.667852878570557,0.907,96.418,92.372
17.68033790588379,0.906,96.43,92.372
17.69267702102661,0.905,96.43,92.372
17.704282999038696,0.904,96.43,92.372
17.71616792678833,0.903,96.443,92.372
17.727967977523804,0.902,96.43,92.372
17.73989987373352,0.901,96.43,92.372
17.75160002708435,0.9,96.43,92.372
17.762799978256226,0.899,96.443,92.372
17.77375888824463,0.898,96.43,92.372
17.784970998764038,0.897,96.43,92.372
17.796950817108154,0.896,96.43,92.372
17.8090238571167,0.895,96.43,92.372
17.821038007736206,0.894,96.43,92.372
17.83327579498291,0.893,96.43,92.372
17.845290899276733,0.892,96.43,92.372
17.85741400718689,0.891,96.43,92.384
17.869277954101562,0.89,96.43,92.372
17.881284952163696,0.889,96.418,92.384
17.893605947494507,0.888,96.43,92.372
17.905192852020264,0.887,96.418,92.372
17.917219877243042,0.886,96.43,92.372
17.929106950759888,0.885,96.43,92.372
17.941149950027466,0.884,96.43,92.372
17.953081846237183,0.883,96.43,92.372
17.965179920196533,0.882,96.43,92.372
17.976993799209595,0.881,96.43,92.372
17.98863983154297,0.88,96.43,92.372
17.999603986740112,0.879,96.43,92.372
18.010504007339478,0.878,96.43,92.372
18.021642923355103,0.877,96.443,92.372
18.032974004745483,0.876,96.43,92.372
18.044813871383667,0.875,96.43,92.372
18.057180881500244,0.874,96.43,92.372
18.06881093978882,0.873,96.43,92.372
18.08101201057434,0.872,96.43,92.372
18.093029975891113,0.871,96.43,92.372
18.105227947235107,0.87,96.43,92.372
18.11708092689514,0.869,96.418,92.372
18.129028797149658,0.868,96.418,92.384
18.14115285873413,0.867,96.43,92.372
18.15324091911316,0.866,96.43,92.384
18.16551685333252,0.865,96.43,92.384
18.177356004714966,0.864,96.43,92.372
18.188954830169678,0.863,96.43,92.372
18.201097011566162,0.862,96.43,92.372
18.212937831878662,0.861,96.43,92.372
18.22500991821289,0.86,96.43,92.372
18.236570835113525,0.859,96.43,92.372
18.247413873672485,0.858,96.43,92.372
18.258445978164673,0.857,96.43,92.372
18.269471883773804,0.856,96.43,92.372
18.28066396713257,0.855,96.43,92.372
18.292613983154297,0.854,96.43,92.372
18.303820848464966,0.853,96.43,92.372
18.315948963165283,0.852,96.443,92.372
18.328091859817505,0.851,96.43,92.372
18.34005880355835,0.85,96.43,92.372
18.352334022521973,0.849,96.418,92.384
18.364135026931763,0.848,96.418,92.384
18.375895977020264,0.847,96.43,92.372
18.387918949127197,0.846,96.43,92.372
18.39998197555542,0.845,96.418,92.384
18.412133932113647,0.844,96.43,92.372
18.423961877822876,0.843,96.418,92.372
18.43607997894287,0.842,96.418,92.372
18.447938919067383,0.841,96.418,92.372
18.460033893585205,0.84,96.43,92.372
18.471844911575317,0.839,96.43,92.372
18.483670949935913,0.838,96.43,92.372
18.495462894439697,0.837,96.43,92.372
18.50623893737793,0.836,96.43,92.372
18.517398834228516,0.835,96.43,92.372
18.528620958328247,0.834,96.43,92.372
18.540621995925903,0.833,96.43,92.372
18.552536010742188,0.8320000000000001,96.443,92.372
18.56453800201416,0.8310000000000001,96.443,92.372
18.576634883880615,0.8300000000000001,96.43,92.372
18.588855028152466,0.8290000000000001,96.43,92.372
18.600992918014526,0.8280000000000001,96.43,92.372
18.61324691772461,0.8270000000000001,96.43,92.372
18.624765872955322,0.8260000000000001,96.43,92.372
18.63691997528076,0.8250000000000001,96.43,92.372
18.64877700805664,0.8240000000000001,96.43,92.372
18.66084885597229,0.8230000000000001,96.43,92.372
18.67285990715027,0.8220000000000001,96.418,92.372
18.68492102622986,0.8210000000000001,96.43,92.372
18.696830987930298,0.8200000000000001,96.43,92.372
18.708683013916016,0.8190000000000001,96.43,92.372
18.720700979232788,0.8180000000000001,96.43,92.372
18.7325439453125,0.8170000000000001,96.43,92.372
18.744159936904907,0.8160000000000001,96.43,92.372
18.755133867263794,0.8150000000000001,96.418,92.372
18.76620602607727,0.8140000000000001,96.43,92.372
18.777768850326538,0.8130000000000001,96.43,92.372
18.789484977722168,0.812,96.43,92.372
18.80129885673523,0.811,96.43,92.372
18.81325387954712,0.81,96.43,92.372
18.824472904205322,0.809,96.443,92.372
18.836813926696777,0.808,96.43,92.372
18.84883999824524,0.807,96.443,92.372
18.860569953918457,0.806,96.43,92.372
18.873026847839355,0.805,96.43,92.372
18.884582996368408,0.804,96.43,92.372
18.896601915359497,0.803,96.43,92.372
18.908776998519897,0.802,96.43,92.372
18.920907974243164,0.801,96.418,92.372
18.932922840118408,0.8,96.43,92.384
18.94449782371521,0.799,96.43,92.372
18.956719875335693,0.798,96.418,92.372
18.96864891052246,0.797,96.43,92.372
18.98056387901306,0.796,96.43,92.384
18.992028951644897,0.795,96.43,92.372
19.00325083732605,0.794,96.443,92.372
19.015211820602417,0.793,96.43,92.372
19.027761936187744,0.792,96.43,92.372
19.039294958114624,0.791,96.43,92.372
19.051142930984497,0.79,96.43,92.372
19.062997817993164,0.789,96.43,92.372
19.07446599006653,0.788,96.43,92.372
19.086483001708984,0.787,96.43,92.372
19.09874701499939,0.786,96.43,92.372
19.110687017440796,0.785,96.43,92.384
19.122424840927124,0.784,96.43,92.372
19.134564876556396,0.783,96.43,92.372
19.146600008010864,0.782,96.43,92.372
19.158386945724487,0.781,96.43,92.372
19.17048692703247,0.78,96.443,92.372
19.182411909103394,0.779,96.443,92.372
19.194459915161133,0.778,96.443,92.372
19.206387996673584,0.777,96.43,92.372
19.21837282180786,0.776,96.443,92.372
19.23029899597168,0.775,96.43,92.372
19.24204397201538,0.774,96.43,92.372
19.253718852996826,0.773,96.443,92.372
19.264791011810303,0.772,96.443,92.372
19.27588200569153,0.771,96.443,92.372
19.287033796310425,0.77,96.443,92.372
19.29910397529602,0.769,96.43,92.372
19.311072826385498,0.768,96.443,92.372
19.322901964187622,0.767,96.443,92.372
19.334179878234863,0.766,96.43,92.372
19.346418857574463,0.765,96.43,92.372
19.358217000961304,0.764,96.443,92.372
19.370396852493286,0.763,96.43,92.372
19.382349014282227,0.762,96.43,92.372
19.394375801086426,0.761,96.43,92.372
19.406315803527832,0.76,96.43,92.384
19.41826295852661,0.759,96.43,92.372
19.4302499294281,0.758,96.43,92.372
19.442264795303345,0.757,96.43,92.372
19.454187870025635,0.756,96.43,92.372
19.46637201309204,0.755,96.443,92.372
19.478199005126953,0.754,96.43,92.372
19.489715814590454,0.753,96.43,92.372
19.50064992904663,0.752,96.443,92.372
19.51158380508423,0.751,96.43,92.372
19.522629976272583,0.75,96.43,92.372
19.53395986557007,0.749,96.43,92.372
19.545819997787476,0.748,96.443,92.372
19.556811809539795,0.747,96.43,92.372
19.568981885910034,0.746,96.43,92.384
19.58114194869995,0.745,96.43,92.372
19.593307971954346,0.744,96.43,92.372
19.605132818222046,0.743,96.43,92.372
19.617254972457886,0.742,96.43,92.372
19.62935495376587,0.741,96.43,92.372
19.641057014465332,0.74,96.43,92.372
19.653042793273926,0.739,96.43,92.372
19.665277004241943,0.738,96.43,92.372
19.677021026611328,0.737,96.43,92.372
19.689311027526855,0.736,96.443,92.372
19.701056003570557,0.735,96.443,92.372
19.713013887405396,0.734,96.443,92.372
19.725209951400757,0.733,96.43,92.372
19.73689579963684,0.732,96.43,92.372
19.748480796813965,0.731,96.443,92.372
19.759511947631836,0.73,96.43,92.372
19.77049493789673,0.729,96.443,92.372
19.781517028808594,0.728,96.43,92.372
19.79282283782959,0.727,96.43,92.372
19.804621934890747,0.726,96.43,92.372
19.816296815872192,0.725,96.443,92.372
19.8280189037323,0.724,96.443,92.372
19.84002995491028,0.723,96.43,92.372
19.852118968963623,0.722,96.443,92.372
19.86413288116455,0.721,96.443,92.372
19.87596297264099,0.72,96.43,92.372
19.887982845306396,0.719,96.43,92.372
19.899921894073486,0.718,96.43,92.372
19.91188383102417,0.717,96.43,92.372
19.924201011657715,0.716,96.43,92.372
19.93623995780945,0.715,96.443,92.372
19.94805097579956,0.714,96.43,92.384
19.960021018981934,0.713,96.43,92.372
19.97192096710205,0.712,96.43,92.384
19.983852863311768,0.711,96.43,92.372
19.995468854904175,0.71,96.43,92.384
20.0062358379364,0.709,96.443,92.372
20.017494916915894,0.708,96.43,92.372
20.02864384651184,0.707,96.43,92.372
20.040486812591553,0.706,96.43,92.372
20.0525119304657,0.705,96.443,92.372
20.064725875854492,0.704,96.43,92.372
20.076828956604004,0.7030000000000001,96.43,92.372
20.088788986206055,0.7020000000000001,96.43,92.372
20.100804805755615,0.7010000000000001,96.43,92.372
20.113154888153076,0.7000000000000001,96.443,92.372
20.124838829040527,0.6990000000000001,96.443,92.372
20.13696599006653,0.6980000000000001,96.443,92.372
20.148860931396484,0.6970000000000001,96.443,92.372
20.160918951034546,0.6960000000000001,96.443,92.372
20.172765970230103,0.6950000000000001,96.43,92.372
20.184940814971924,0.6940000000000001,96.443,92.372
20.196934938430786,0.6930000000000001,96.443,92.372
20.208887815475464,0.6920000000000001,96.43,92.372
20.220934867858887,0.6910000000000001,96.43,92.372
20.232690811157227,0.6900000000000001,96.43,92.372
20.24449396133423,0.6890000000000001,96.43,92.372
20.256256818771362,0.6880000000000001,96.418,92.384
20.267144918441772,0.687,96.443,92.372
20.278397798538208,0.686,96.43,92.384
20.290284872055054,0.685,96.43,92.384
20.301275968551636,0.684,96.43,92.384
20.312158823013306,0.683,96.443,92.372
20.32328987121582,0.682,96.43,92.384
20.33457899093628,0.681,96.443,92.372
20.346820831298828,0.68,96.43,92.372
20.358699798583984,0.679,96.443,92.372
20.371168851852417,0.678,96.443,92.372
20.38380002975464,0.677,96.43,92.372
20.395620822906494,0.676,96.443,92.372
20.40779995918274,0.675,96.43,92.384
20.419798851013184,0.674,96.43,92.372
20.43163800239563,0.673,96.43,92.372
20.44361901283264,0.672,96.43,92.372
20.45579981803894,0.671,96.43,92.372
20.467648029327393,0.67,96.43,92.372
20.4796040058136,0.669,96.43,92.372
20.491041898727417,0.668,96.43,92.372
20.502323865890503,0.667,96.43,92.372
20.514282941818237,0.666,96.443,92.372
20.52613592147827,0.665,96.43,92.372
20.537395000457764,0.664,96.43,92.372
20.54918384552002,0.663,96.43,92.372
20.5603449344635,0.662,96.43,92.372
20.572218894958496,0.661,96.43,92.372
20.584451913833618,0.66,96.43,92.372
20.596925020217896,0.659,96.43,92.372
20.60855793952942,0.658,96.443,92.372
20.620539903640747,0.657,96.43,92.372
20.63266897201538,0.656,96.43,92.372
20.644714832305908,0.655,96.43,92.372
20.65658187866211,0.654,96.43,92.384
20.66859793663025,0.653,96.443,92.372
20.680590867996216,0.652,96.443,92.372
20.692394971847534,0.651,96.443,92.372
20.70449995994568,0.65,96.43,92.372
20.716336011886597,0.649,96.443,92.372
20.728436946868896,0.648,96.443,92.372
20.740211009979248,0.647,96.43,92.372
20.751885890960693,0.646,96.43,92.372
20.76295280456543,0.645,96.43,92.372
20.774248838424683,0.644,96.443,92.372
20.78592300415039,0.643,96.43,92.384
20.79733681678772,0.642,96.43,92.372
20.809058904647827,0.641,96.43,92.372
20.821043014526367,0.64,96.43,92.372
20.833284854888916,0.639,96.43,92.372
20.845458984375,0.638,96.43,92.372
20.8574378490448,0.637,96.43,92.384
20.869439840316772,0.636,96.43,92.372
20.8814218044281,0.635,96.43,92.372
20.893661975860596,0.634,96.43,92.372
20.905314922332764,0.633,96.443,92.384
20.91724991798401,0.632,96.43,92.372
20.929349899291992,0.631,96.443,92.372
20.94131588935852,0.63,96.43,92.372
20.95331382751465,0.629,96.43,92.384
20.965281009674072,0.628,96.43,92.372
20.977391958236694,0.627,96.43,92.372
20.989015817642212,0.626,96.443,92.372
21.000849962234497,0.625,96.443,92.372
21.01179790496826,0.624,96.43,92.372
21.022768020629883,0.623,96.443,92.372
21.034082889556885,0.622,96.443,92.372
21.045981884002686,0.621,96.43,92.384
21.05809783935547,0.62,96.443,92.372
21.070163011550903,0.619,96.43,92.372
21.082388877868652,0.618,96.43,92.372
21.09463095664978,0.617,96.43,92.384
21.10617184638977,0.616,96.43,92.384
21.118247985839844,0.615,96.443,92.372
21.130141973495483,0.614,96.43,92.372
21.142319917678833,0.613,96.43,92.372
21.15421485900879,0.612,96.418,92.372
21.166287899017334,0.611,96.43,92.384
21.178133010864258,0.61,96.43,92.372
21.19039297103882,0.609,96.43,92.372
21.202157974243164,0.608,96.43,92.384
21.214078903198242,0.607,96.443,92.372
21.22627091407776,0.606,96.43,92.372
21.23816680908203,0.605,96.443,92.372
21.249704837799072,0.604,96.43,92.372
21.260594844818115,0.603,96.43,92.372
21.271522998809814,0.602,96.443,92.372
21.282493829727173,0.601,96.43,92.372
21.293603897094727,0.6,96.43,92.372
21.304651021957397,0.599,96.43,92.372
21.3159499168396,0.598,96.443,92.372
21.327913999557495,0.597,96.43,92.372
21.339911937713623,0.596,96.443,92.372
21.35202980041504,0.595,96.43,92.372
21.364141941070557,0.594,96.443,92.372
21.376582860946655,0.593,96.43,92.384
21.388185024261475,0.592,96.43,92.372
21.39995288848877,0.591,96.443,92.372
21.41197180747986,0.59,96.43,92.384
21.424116849899292,0.589,96.43,92.384
21.436083793640137,0.588,96.43,92.372
21.44803285598755,0.587,96.443,92.372
21.460137844085693,0.586,96.43,92.372
21.471959829330444,0.585,96.43,92.372
21.48393201828003,0.584,96.43,92.372
21.49577283859253,0.583,96.43,92.372
21.507535934448242,0.582,96.443,92.372
21.518499851226807,0.581,96.43,92.372
21.529590845108032,0.58,96.443,92.372
21.54073190689087,0.579,96.443,92.372
21.55266785621643,0.578,96.43,92.372
21.56474995613098,0.577,96.43,92.384
21.576637029647827,0.5760000000000001,96.443,92.372
21.588798999786377,0.5750000000000001,96.43,92.372
21.60113787651062,0.5740000000000001,96.443,92.372
21.613585948944092,0.5730000000000001,96.43,92.372
21.62587881088257,0.5720000000000001,96.443,92.372
21.637844800949097,0.5710000000000001,96.43,92.372
21.64998698234558,0.5700000000000001,96.443,92.372
21.661985874176025,0.5690000000000001,96.43,92.372
21.673828840255737,0.5680000000000001,96.43,92.372
21.685916900634766,0.5670000000000001,96.43,92.372
21.69798183441162,0.5660000000000001,96.43,92.372
21.70989489555359,0.5650000000000001,96.43,92.372
21.721988916397095,0.5640000000000001,96.43,92.372
21.73363995552063,0.5630000000000001,96.43,92.372
21.74564790725708,0.562,96.43,92.372
21.75750494003296,0.561,96.43,92.372
21.76920795440674,0.56,96.443,92.372
21.78029489517212,0.559,96.43,92.372
21.791284799575806,0.558,96.43,92.372
21.80244779586792,0.557,96.43,92.372
21.81428289413452,0.556,96.443,92.372
21.825541019439697,0.555,96.443,92.372
21.838205814361572,0.554,96.43,92.372
21.85011601448059,0.553,96.443,92.372
21.861682891845703,0.552,96.443,92.372
21.873721837997437,0.551,96.443,92.372
21.885782957077026,0.55,96.43,92.372
21.897665977478027,0.549,96.443,92.372
21.90987801551819,0.548,96.43,92.372
21.921645879745483,0.547,96.43,92.372
21.933634996414185,0.546,96.443,92.372
21.945724964141846,0.545,96.43,92.372
21.95770788192749,0.544,96.43,92.372
21.969614028930664,0.543,96.43,92.372
21.981930017471313,0.542,96.43,92.372
21.993361949920654,0.541,96.43,92.372
22.00529384613037,0.54,96.43,92.372
22.017261028289795,0.539,96.43,92.384
22.02804398536682,0.538,96.443,92.372
22.03935694694519,0.537,96.43,92.372
22.051024913787842,0.536,96.43,92.372
22.062285900115967,0.535,96.43,92.372
22.07423996925354,0.534,96.43,92.372
22.0864520072937,0.533,96.443,92.372
22.098809957504272,0.532,96.43,92.372
22.110800981521606,0.531,96.443,92.372
22.122736930847168,0.53,96.443,92.372
22.134943962097168,0.529,96.43,92.372
22.146667003631592,0.528,96.443,92.372
22.158520936965942,0.527,96.443,92.372
22.170609951019287,0.526,96.443,92.372
22.18262791633606,0.525,96.443,92.372
22.194671869277954,0.524,96.443,92.372
22.206560850143433,0.523,96.43,92.372
22.218552827835083,0.522,96.43,92.372
22.230676889419556,0.521,96.443,92.372
22.2424738407135,0.52,96.43,92.372
22.253976821899414,0.519,96.43,92.372
22.2650887966156,0.518,96.443,92.372
22.27616786956787,0.517,96.43,92.372
22.288235902786255,0.516,96.43,92.384
22.30007791519165,0.515,96.43,92.372
22.311249017715454,0.514,96.443,92.372
22.323107957839966,0.513,96.43,92.372
22.33533787727356,0.512,96.43,92.372
22.34770894050598,0.511,96.43,92.384
22.359521865844727,0.51,96.43,92.372
22.37151789665222,0.509,96.43,92.372
22.383601903915405,0.508,96.43,92.372
22.395615816116333,0.507,96.443,92.372
22.4074969291687,0.506,96.43,92.372
22.41959500312805,0.505,96.43,92.384
22.431538820266724,0.504,96.43,92.372
22.443455934524536,0.503,96.443,92.372
22.45561695098877,0.502,96.443,92.372
22.46768879890442,0.501,96.443,92.372
22.479719877243042,0.5,96.43,92.372
22.4912109375,0.499,96.43,92.372
22.50298500061035,0.498,96.443,92.372
22.513866901397705,0.497,96.43,92.372
22.52486300468445,0.496,96.43,92.372
22.535785913467407,0.495,96.43,92.372
22.547324895858765,0.494,96.43,92.372
22.559156894683838,0.493,96.43,92.384
22.57123589515686,0.492,96.43,92.372
22.583154916763306,0.491,96.43,92.372
22.595319986343384,0.49,96.43,92.372
22.60743498802185,0.489,96.43,92.372
22.619616985321045,0.488,96.43,92.372
22.631346940994263,0.487,96.43,92.372
22.643364906311035,0.486,96.43,92.372
22.65543794631958,0.485,96.443,92.372
22.667393922805786,0.484,96.43,92.372
22.679449796676636,0.483,96.443,92.372
22.691489934921265,0.482,96.43,92.372
22.70337200164795,0.481,96.443,92.372
22.715487957000732,0.48,96.443,92.372
22.727689027786255,0.47900000000000004,96.43,92.372
22.739897966384888,0.47800000000000004,96.443,92.372
22.751704931259155,0.47700000000000004,96.443,92.372
22.762764930725098,0.47600000000000003,96.443,92.372
22.7736599445343,0.47500000000000003,96.443,92.372
22.78469181060791,0.47400000000000003,96.443,92.372
22.796027898788452,0.47300000000000003,96.43,92.372
22.80794882774353,0.47200000000000003,96.443,92.372
22.820035934448242,0.47100000000000003,96.43,92.372
22.832039833068848,0.47000000000000003,96.443,92.372
22.844185829162598,0.46900000000000003,96.443,92.372
22.856393814086914,0.468,96.443,92.372
22.86835289001465,0.467,96.443,92.372
22.880643844604492,0.466,96.43,92.372
22.892249822616577,0.465,96.43,92.372
22.90423083305359,0.464,96.43,92.372
22.916270971298218,0.463,96.43,92.384
22.92818284034729,0.462,96.43,92.372
22.940184831619263,0.461,96.43,92.372
22.952130794525146,0.46,96.43,92.372
22.964202880859375,0.459,96.443,92.372
22.976038932800293,0.458,96.43,92.372
22.988075017929077,0.457,96.443,92.372
22.999806880950928,0.456,96.443,92.372
23.01146388053894,0.455,96.443,92.372
23.02255082130432,0.454,96.443,92.372
23.033589839935303,0.453,96.443,92.372
23.04472279548645,0.452,96.443,92.372
23.05681800842285,0.451,96.443,92.372
23.06881880760193,0.45,96.443,92.372
23.081207990646362,0.449,96.443,92.372
23.092999935150146,0.448,96.43,92.372
23.105111837387085,0.447,96.43,92.372
23.117164850234985,0.446,96.43,92.372
23.12918496131897,0.445,96.418,92.384
23.141019821166992,0.444,96.443,92.372
23.15293002128601,0.443,96.43,92.372
23.16513681411743,0.442,96.43,92.372
23.177130937576294,0.441,96.43,92.372
23.18917489051819,0.44,96.418,92.384
23.200913906097412,0.439,96.443,92.372
23.21338987350464,0.438,96.443,92.372
23.22515892982483,0.437,96.43,92.372
23.236790895462036,0.436,96.43,92.372
23.248674869537354,0.435,96.43,92.372
23.2604558467865,0.434,96.43,92.372
23.27131485939026,0.433,96.43,92.372
23.282439947128296,0.432,96.43,92.384
23.29362392425537,0.431,96.43,92.372
23.30556082725525,0.43,96.43,92.372
23.3174250125885,0.429,96.43,92.372
23.32846689224243,0.428,96.43,92.372
23.33977484703064,0.427,96.443,92.372
23.352080821990967,0.426,96.443,92.372
23.36379384994507,0.425,96.443,92.372
23.375775814056396,0.424,96.43,92.372
23.38803195953369,0.423,96.443,92.372
23.400235891342163,0.422,96.43,92.372
23.41211485862732,0.421,96.43,92.372
23.42379093170166,0.42,96.43,92.372
23.43605899810791,0.419,96.43,92.372
23.44779896736145,0.418,96.43,92.372
23.45968794822693,0.417,96.43,92.372
23.471690893173218,0.41600000000000004,96.43,92.384
23.483911991119385,0.41500000000000004,96.43,92.372
23.495386838912964,0.41400000000000003,96.43,92.384
23.507255792617798,0.41300000000000003,96.43,92.372
23.51835584640503,0.41200000000000003,96.43,92.372
23.529119968414307,0.41100000000000003,96.443,92.372
23.540374994277954,0.41000000000000003,96.443,92.372
23.552295923233032,0.40900000000000003,96.43,92.372
23.56344699859619,0.40800000000000003,96.43,92.372
23.575390815734863,0.40700000000000003,96.443,92.372
23.58801293373108,0.406,96.443,92.372
23.599982976913452,0.405,96.43,92.372
23.61182999610901,0.404,96.443,92.372
23.623605012893677,0.403,96.43,92.372
23.63608479499817,0.402,96.443,92.372
23.647636890411377,0.401,96.43,92.372
23.659591913223267,0.4,96.443,92.372
23.671697854995728,0.399,96.43,92.372
23.68388295173645,0.398,96.443,92.372
23.69578194618225,0.397,96.43,92.372
23.70757484436035,0.396,96.443,92.372
23.719604015350342,0.395,96.43,92.384
23.731838941574097,0.394,96.43,92.372
23.74349880218506,0.393,96.43,92.372
23.755177974700928,0.392,96.43,92.372
23.766373872756958,0.391,96.43,92.372
23.778199911117554,0.39,96.43,92.372
23.78897786140442,0.389,96.43,92.372
23.8002347946167,0.388,96.43,92.384
23.812511920928955,0.387,96.43,92.372
23.824118852615356,0.386,96.443,92.372
23.835376977920532,0.385,96.443,92.372
23.847530841827393,0.384,96.43,92.372
23.859524965286255,0.383,96.43,92.372
23.87160301208496,0.382,96.443,92.372
23.88361883163452,0.381,96.43,92.372
23.89555287361145,0.38,96.443,92.372
23.90753984451294,0.379,96.43,92.372
23.91956090927124,0.378,96.443,92.372
23.931623935699463,0.377,96.43,92.372
23.943522930145264,0.376,96.443,92.372
23.955444812774658,0.375,96.443,92.372
23.967577934265137,0.374,96.43,92.372
23.979620933532715,0.373,96.43,92.372
23.991407871246338,0.372,96.43,92.384
24.003031015396118,0.371,96.443,92.372
24.01392102241516,0.37,96.43,92.372
24.024916887283325,0.369,96.43,92.372
24.035929918289185,0.368,96.43,92.372
24.04702091217041,0.367,96.43,92.372
24.05825901031494,0.366,96.43,92.372
24.07005286216736,0.365,96.43,92.372
24.081008911132812,0.364,96.43,92.384
24.09229588508606,0.363,96.43,92.372
24.1042799949646,0.362,96.43,92.384
24.11645793914795,0.361,96.443,92.372
24.128461837768555,0.36,96.43,92.372
24.140341997146606,0.359,96.43,92.372
24.15252995491028,0.358,96.43,92.372
24.164549827575684,0.357,96.443,92.372
24.176347970962524,0.356,96.443,92.372
24.188586950302124,0.355,96.443,92.372
24.200544834136963,0.354,96.443,92.372
24.212844848632812,0.353,96.43,92.372
24.22528100013733,0.352,96.43,92.372
24.237469911575317,0.35100000000000003,96.443,92.372
24.2492938041687,0.35000000000000003,96.43,92.384
24.260945796966553,0.34900000000000003,96.43,92.372
24.272679805755615,0.34800000000000003,96.443,92.372
24.284173011779785,0.34700000000000003,96.43,92.372
24.2961528301239,0.34600000000000003,96.43,92.372
24.308043956756592,0.34500000000000003,96.43,92.372
24.319941997528076,0.34400000000000003,96.43,92.372
24.331978797912598,0.343,96.43,92.372
24.34428596496582,0.342,96.443,92.372
24.356303930282593,0.341,96.43,92.372
24.36828589439392,0.34,96.43,92.372
24.380278825759888,0.339,96.43,92.372
24.392427921295166,0.338,96.43,92.384
24.404183864593506,0.337,96.43,92.372
24.41626286506653,0.336,96.43,92.372
24.42831802368164,0.335,96.443,92.372
24.4401798248291,0.334,96.443,92.372
24.452348947525024,0.333,96.43,92.372
24.46426796913147,0.332,96.43,92.372
24.47620701789856,0.331,96.443,92.372
24.488226890563965,0.33,96.43,92.372
24.500013828277588,0.329,96.443,92.372
24.511889934539795,0.328,96.43,92.372
24.523615837097168,0.327,96.43,92.372
24.53458881378174,0.326,96.443,92.372
24.545833826065063,0.325,96.443,92.372
24.55791401863098,0.324,96.43,92.372
24.570032835006714,0.323,96.43,92.372
24.581784963607788,0.322,96.443,92.372
24.592962980270386,0.321,96.443,92.372
24.605144023895264,0.32,96.43,92.384
24.61715602874756,0.319,96.43,92.372
24.629088878631592,0.318,96.43,92.384
24.641294956207275,0.317,96.443,92.372
24.65337085723877,0.316,96.43,92.384
24.665072917938232,0.315,96.443,92.372
24.67732882499695,0.314,96.43,92.372
24.689291954040527,0.313,96.43,92.372
24.701297998428345,0.312,96.43,92.372
24.713212966918945,0.311,96.43,92.372
24.7252299785614,0.31,96.43,92.384
24.737079858779907,0.309,96.43,92.372
24.74873185157776,0.308,96.443,92.372
24.76045298576355,0.307,96.443,92.372
24.771795988082886,0.306,96.443,92.372
24.78394079208374,0.305,96.43,92.372
24.79616093635559,0.304,96.443,92.372
24.807663917541504,0.303,96.43,92.372
24.818603992462158,0.302,96.43,92.384
24.82969093322754,0.301,96.43,92.372
24.841754913330078,0.3,96.43,92.384
24.854074001312256,0.299,96.43,92.372
24.866012811660767,0.298,96.443,92.372
24.878276824951172,0.297,96.443,92.372
24.89014983177185,0.296,96.43,92.384
24.902360916137695,0.295,96.443,92.372
24.914052963256836,0.294,96.43,92.372
24.92594885826111,0.293,96.43,92.372
24.93809700012207,0.292,96.443,92.372
24.950133800506592,0.291,96.43,92.384
24.96193790435791,0.29,96.43,92.372
24.973965883255005,0.289,96.43,92.384
24.985951900482178,0.28800000000000003,96.43,92.372
24.997692823410034,0.28700000000000003,96.43,92.372
25.009612798690796,0.28600000000000003,96.43,92.372
25.02040386199951,0.28500000000000003,96.43,92.372
25.031644821166992,0.28400000000000003,96.43,92.372
25.04377794265747,0.28300000000000003,96.443,92.372
25.055688858032227,0.28200000000000003,96.443,92.372
25.06762194633484,0.281,96.443,92.372
25.079628944396973,0.28,96.443,92.372
25.091717004776,0.279,96.43,92.372
25.10397696495056,0.278,96.443,92.372
25.115887880325317,0.277,96.443,92.372
25.128010988235474,0.276,96.43,92.372
25.140223026275635,0.275,96.43,92.372
25.151895999908447,0.274,96.43,92.372
25.163988828659058,0.273,96.43,92.372
25.176000833511353,0.272,96.43,92.384
25.187858819961548,0.271,96.443,92.372
25.19996190071106,0.27,96.43,92.372
25.212100982666016,0.269,96.443,92.372
25.223914861679077,0.268,96.443,92.372
25.23591685295105,0.267,96.43,92.372
25.24774694442749,0.266,96.443,92.372
25.25953197479248,0.265,96.43,92.372
25.271304845809937,0.264,96.443,92.372
25.28225588798523,0.263,96.443,92.372
25.29333782196045,0.262,96.43,92.372
25.30471181869507,0.261,96.443,92.372
25.316553831100464,0.26,96.443,92.372
25.328415870666504,0.259,96.43,92.372
25.340548992156982,0.258,96.506,92.372
25.352881908416748,0.257,96.506,92.372
25.364844799041748,0.256,96.506,92.372
25.376917839050293,0.255,96.494,92.384
25.389217853546143,0.254,96.506,92.372
25.400866985321045,0.253,96.494,92.372
25.41266679763794,0.252,96.506,92.372
25.4251389503479,0.251,96.494,92.372
25.436762809753418,0.25,96.506,92.372
25.44873881340027,0.249,96.506,92.372
25.461148977279663,0.248,96.506,92.372
25.472776889801025,0.247,96.506,92.372
25.484649896621704,0.246,96.506,92.372
25.49653697013855,0.245,96.506,92.372
25.508262872695923,0.244,96.506,92.372
25.519173860549927,0.243,96.506,92.372
25.530181884765625,0.242,96.506,92.372
25.541075944900513,0.241,96.506,92.372
25.55226182937622,0.24,96.506,92.372
25.56440782546997,0.23900000000000002,96.506,92.372
25.576186895370483,0.23800000000000002,96.506,92.372
25.587541818618774,0.23700000000000002,96.494,92.372
25.599702835083008,0.23600000000000002,96.506,92.372
25.611779928207397,0.23500000000000001,96.506,92.372
25.623842000961304,0.234,96.494,92.372
25.635517835617065,0.233,96.494,92.384
25.647580862045288,0.232,96.494,92.372
25.659555912017822,0.231,96.494,92.372
25.671518802642822,0.23,96.506,92.372
25.683450937271118,0.229,96.506,92.372
25.69543194770813,0.228,96.494,92.384
25.707844972610474,0.227,96.506,92.372
25.719791889190674,0.226,96.506,92.384
25.73159694671631,0.225,96.506,92.372
25.743297815322876,0.224,96.506,92.372
25.755149841308594,0.223,96.519,92.372
25.76596188545227,0.222,96.519,92.372
25.776912927627563,0.221,96.456,92.384
25.78794002532959,0.22,96.0,92.372
25.799026012420654,0.219,95.684,92.384
25.810064792633057,0.218,95.267,92.372
25.821229934692383,0.217,94.609,92.384
25.833493947982788,0.216,93.989,92.384
25.84549593925476,0.215,93.71,92.384
25.857517957687378,0.214,93.559,92.384
25.869362831115723,0.213,93.47,92.384
25.881492853164673,0.212,93.306,92.384
25.893409967422485,0.211,93.128,92.384
25.90534996986389,0.21,93.002,92.384
25.91756582260132,0.209,92.787,92.384
25.929478883743286,0.20800000000000002,92.546,92.384
25.94147801399231,0.20700000000000002,92.407,92.384
25.953589916229248,0.20600000000000002,92.293,92.384
25.96544885635376,0.20500000000000002,92.23,92.384
25.977343797683716,0.20400000000000001,92.091,92.384
25.989442825317383,0.203,92.053,92.384
26.001271963119507,0.202,92.066,92.384
26.01301383972168,0.201,92.028,92.384
26.024773836135864,0.2,92.04,92.384
26.03570580482483,0.199,92.028,92.384
26.04700493812561,0.198,91.99,92.372
26.059056997299194,0.197,91.964,92.384
26.07101798057556,0.196,91.914,92.384
26.082921028137207,0.195,91.876,92.384
26.09413981437683,0.194,91.876,92.384
26.106539011001587,0.193,91.825,92.384
26.118632793426514,0.192,91.749,92.384
26.130380868911743,0.191,91.61,92.384
26.14245295524597,0.19,91.294,92.361
26.154270887374878,0.189,91.003,92.139
26.16634202003479,0.188,90.826,91.906
26.178443908691406,0.187,90.687,91.817
26.19065499305725,0.186,90.598,91.717
26.202425956726074,0.185,90.446,91.606
26.21421194076538,0.184,90.345,91.539
26.22618579864502,0.183,90.269,91.506
26.23819088935852,0.182,90.231,91.439
26.25021481513977,0.181,90.168,91.395
26.26181983947754,0.18,90.13,91.361
26.272831916809082,0.179,90.041,91.25
26.284780025482178,0.178,89.94,91.161
26.295719861984253,0.177,89.763,91.039
26.30701184272766,0.176,89.573,90.884
26.319000959396362,0.17500000000000002,89.32,90.728
26.331342935562134,0.17400000000000002,89.168,90.517
26.342846870422363,0.17300000000000001,89.055,90.406
26.355069875717163,0.17200000000000001,88.991,90.306
26.367208003997803,0.171,88.865,90.239
26.37934684753418,0.17,88.84,90.172
26.39110493659973,0.169,88.802,90.15
26.40355086326599,0.168,88.713,90.128
26.415167808532715,0.167,88.7,90.095
26.42707085609436,0.166,88.7,90.072
26.439241886138916,0.165,88.624,90.028
26.451077938079834,0.164,88.65,90.028
26.46307396888733,0.163,88.65,90.006
26.475072860717773,0.162,88.624,90.017
26.4870548248291,0.161,88.624,89.995
26.498870849609375,0.16,88.612,89.995
26.51084589958191,0.159,88.612,89.961
26.522486925125122,0.158,88.612,89.972
26.533559799194336,0.157,88.574,89.961
26.544668912887573,0.156,88.574,89.95
26.555476903915405,0.155,88.586,89.95
26.566879987716675,0.154,88.561,89.939
26.578882932662964,0.153,88.549,89.939
26.59065890312195,0.152,88.549,89.906
26.60193395614624,0.151,88.511,89.917
26.61407494544983,0.15,88.511,89.883
26.62599802017212,0.149,88.498,89.861
26.638115882873535,0.148,88.46,89.861
26.650110960006714,0.147,88.447,89.839
26.662070989608765,0.146,88.397,89.772
26.674332857131958,0.145,88.371,89.717
26.685961961746216,0.14400000000000002,88.22,89.583
26.697996854782104,0.14300000000000002,87.992,89.417
26.71008586883545,0.14200000000000002,87.562,89.039
26.72206997871399,0.14100000000000001,87.283,88.794
26.734031915664673,0.14,87.018,88.528
26.746150970458984,0.139,86.727,88.228
26.757689952850342,0.138,86.284,87.706
26.769543886184692,0.137,85.462,87.039
26.780459880828857,0.136,84.778,86.317
26.791536808013916,0.135,84.209,85.728
26.80299401283264,0.134,83.361,84.883
26.814968824386597,0.133,82.476,84.028
26.827270984649658,0.132,82.02,83.627
26.839164972305298,0.131,81.653,83.216
26.85088586807251,0.13,81.185,82.761
26.86317801475525,0.129,80.78,82.416
26.874992847442627,0.128,80.591,82.227
26.886955976486206,0.127,80.527,82.127
26.898998975753784,0.126,80.464,82.038
26.91098690032959,0.125,80.388,81.961
26.922959804534912,0.124,80.249,81.85
26.935163974761963,0.123,80.059,81.716
26.94682502746582,0.122,79.794,81.427
26.959406852722168,0.121,79.414,81.061
26.971686840057373,0.12,79.275,80.861
26.98377799987793,0.11900000000000001,79.212,80.761
26.995922803878784,0.11800000000000001,79.098,80.716
27.00752091407776,0.117,79.06,80.661
27.01927399635315,0.116,79.035,80.65
27.03026294708252,0.115,79.035,80.683
27.041170835494995,0.114,79.072,80.65
27.052660942077637,0.113,79.072,80.672
27.064493894577026,0.112,79.11,80.694
27.076650857925415,0.111,79.123,80.661
27.088583946228027,0.11,79.11,80.683
27.100672006607056,0.109,79.085,80.694
27.112705945968628,0.108,79.085,80.694
27.124701023101807,0.107,79.072,80.694
27.13671898841858,0.106,79.11,80.716
27.14894390106201,0.105,79.148,80.716
27.16076397895813,0.10400000000000001,79.123,80.694
27.172716856002808,0.10300000000000001,79.123,80.727
27.184751987457275,0.10200000000000001,79.161,80.716
27.19676184654236,0.101,79.11,80.738
27.208736896514893,0.1,79.085,80.716
27.22130298614502,0.099,79.123,80.694
27.23360300064087,0.098,79.11,80.694
27.24565291404724,0.097,79.072,80.661
27.257490873336792,0.096,78.908,80.661
27.269119024276733,0.095,78.971,80.605
27.280043840408325,0.094,78.971,80.527
27.29107689857483,0.093,78.845,80.394
27.30210781097412,0.092,78.68,80.249
27.31313681602478,0.091,78.465,80.061
27.32414984703064,0.09,78.339,79.905
27.335299968719482,0.089,78.237,79.794
27.34741997718811,0.088,78.174,79.694
27.35977292060852,0.08700000000000001,78.149,79.627
27.371556997299194,0.08600000000000001,78.048,79.549
27.384020805358887,0.085,77.984,79.538
27.39553689956665,0.084,77.934,79.494
27.40771794319153,0.083,77.871,79.438
27.419842004776,0.082,77.833,79.383
27.431599855422974,0.081,77.782,79.316
27.443403959274292,0.08,77.719,79.238
27.455439805984497,0.079,77.567,79.127
27.46746301651001,0.078,77.377,78.927
27.47948980331421,0.077,76.998,78.561
27.491617918014526,0.076,76.593,78.172
27.503450870513916,0.075,76.378,77.905
27.515461921691895,0.074,76.213,77.738
27.527050971984863,0.073,76.087,77.594
27.53788995742798,0.07200000000000001,75.922,77.46
27.54895782470703,0.07100000000000001,75.834,77.394
27.55997085571289,0.07,75.783,77.36
27.57115888595581,0.069,75.732,77.283
27.583220958709717,0.068,75.695,77.26
27.595176935195923,0.067,75.644,77.205
27.60716986656189,0.066,75.581,77.105
27.619557857513428,0.065,75.467,77.016
27.631502866744995,0.064,75.391,76.894
27.64358687400818,0.063,75.15,76.638
27.655385971069336,0.062,74.796,76.36
27.66734480857849,0.061,74.594,76.083
27.679418802261353,0.06,74.404,75.871
27.691500902175903,0.059000000000000004,74.189,75.638
27.70327401161194,0.058,73.847,75.271
27.71555185317993,0.057,73.126,74.638
27.72741985321045,0.056,72.177,73.716
27.739279985427856,0.055,71.583,73.005
27.75151801109314,0.054,70.95,72.427
27.763203859329224,0.053,70.318,71.749
27.774876832962036,0.052000000000000005,69.963,71.349
27.785825967788696,0.051000000000000004,69.672,71.093
27.79670286178589,0.05,69.369,70.76
27.808130025863647,0.049,68.964,70.36
27.82000184059143,0.048,68.597,70.016
27.831974983215332,0.047,68.534,69.938
27.84391689300537,0.046,68.458,69.882
27.855970859527588,0.045,68.47,69.882
27.868424892425537,0.044,68.458,69.838
27.88056993484497,0.043000000000000003,68.42,69.882
27.89229702949524,0.042,68.42,69.882
27.90420699119568,0.041,68.42,69.871
27.9163339138031,0.04,68.47,69.904
27.928162813186646,0.039,68.508,69.916
27.940231800079346,0.038,68.483,69.893
27.952157974243164,0.037,68.42,69.849
27.964112997055054,0.036000000000000004,68.395,69.827
27.97623586654663,0.035,68.344,69.771
27.988117933273315,0.034,68.243,69.638
28.00014591217041,0.033,68.04,69.471
28.011964797973633,0.032,67.8,69.282
28.023576021194458,0.031,67.724,69.138
28.034571886062622,0.03,67.673,69.06
28.04580593109131,0.029,67.61,69.038
28.05816888809204,0.028,67.585,69.004
28.070016860961914,0.027,67.585,68.971
28.08179783821106,0.026000000000000002,67.547,68.982
28.093711853027344,0.025,67.522,68.993
28.105082988739014,0.024,67.547,68.982
28.11728286743164,0.023,67.534,68.982
28.129180908203125,0.022,67.56,68.96
28.141182899475098,0.021,67.572,68.982
28.15311598777771,0.02,67.56,68.982
28.165613889694214,0.019,67.572,69.004
28.177039861679077,0.018000000000000002,67.547,69.015
28.189302921295166,0.017,67.585,69.015
28.201218843460083,0.016,67.597,69.004
28.213270902633667,0.015,67.585,69.015
28.225026845932007,0.014,67.597,69.049
28.236992835998535,0.013000000000000001,67.597,69.049
28.248832941055298,0.012,67.597,69.049
28.260743856430054,0.011,67.623,69.038
28.27286195755005,0.01,67.635,69.06
28.28441882133484,0.009000000000000001,67.623,69.06
28.295512914657593,0.008,67.661,69.06
28.30684781074524,0.007,67.635,69.093
28.318965911865234,0.006,67.661,69.082
28.330756902694702,0.005,67.686,69.082
28.34272789955139,0.004,67.648,69.093
28.35482382774353,0.003,67.673,69.104
28.367044925689697,0.002,67.686,69.104
28.378962993621826,0.001,67.635,69.115
28.39097285270691,0.0,67.686,69.093
